카드ID,카드,혜택분류,혜택내용
1,신한카드 Hi-Point,소매,백화점/할인점/홈쇼핑·온라인몰 1.0~5.0% 적립
1,신한카드 Hi-Point,생활서비스,"S-OIL, 현대오일뱅크 주유 시 리터 당 60원 적립"
1,신한카드 Hi-Point,생활서비스,SK텔레콤/KT/LG U+ 이동통신요금 1.0~5.0% 적립
2,신한카드 Love,소매,"국내 유명 백화점, 할인점, 온라인 쇼핑몰 최대 5% 할인"
2,신한카드 Love,음식,"국내 유명 패밀리레스토랑, 커피 20~30% 할인"
2,신한카드 Love,생활서비스,GS칼텍스 리터당 60원 할인
3,신한카드 Lady,소매,"3대 백화점(롯데,신세계,현대) 및 롯데마트 5% 결제일 할인"
3,신한카드 Lady,음식,국내 유명 패밀리 레스토랑 및 커피 최대 20% 할인
3,신한카드 Lady,생활서비스,S-OIL 주유 시 리터 당 60원 적립
3,신한카드 Lady,생활서비스,"이동통신요금 자동이체 시 2% 결제일 할인(SKT, KT, LGT)"
7,신한카드 23.5°,음식,스타벅스 음료 최대 4천원 할인
8,신한카드 The CLASSIC-Y,생활서비스,GS칼텍스 주유 시 리터당 60원 결제일 할인
8,신한카드 The CLASSIC-Y,생활서비스,커피/제과/택시/화장품/영화 5% 할인
8,신한카드 The CLASSIC-Y,소매,제주 JDC 면세점 이용 시 8% 할인
10,신한카드 B.Big(삑),소매,4대 백화점 5% 할인
10,신한카드 B.Big(삑),음식,커피전문점 10% 할인
10,신한카드 B.Big(삑),소매,편의점 5% 할인
10,신한카드 B.Big(삑),생활서비스,이동통신요금 5% 할인
11,신한카드 Simple+,생활서비스,생활친화가맹점 잔돈할인 서비스(Coin-Save)
12,신한카드 Air Platinum#,생활서비스,마이신한포인트 추가 적립
13,신한카드 Mr.Life,생활서비스,월납요금(공과금) 10% 할인서비스
13,신한카드 Mr.Life,소매,편의점 10% 할인
13,신한카드 Mr.Life,생활서비스,병원/약국업종 10% 할인
13,신한카드 Mr.Life,생활서비스,세탁소 업종 10% 할인
13,신한카드 Mr.Life,음식,식음료 10% 할인
13,신한카드 Mr.Life,소매,3대 마트 10% 할인
13,신한카드 Mr.Life,생활서비스,4대 정유사 리터당 60원 할인
14,신한카드 YOLO ⓘ,음식,"스타벅스, 커피빈"
14,신한카드 YOLO ⓘ,소매,"GS25, 세븐일레븐, CU"
14,신한카드 YOLO ⓘ,음식,"파리바게트, 뚜레쥬르"
14,신한카드 YOLO ⓘ,음식,스타벅스 모바일쿠폰 보너스 리워드
15,신한카드 The CLASSIC+,생활서비스,GS칼텍스 주유 시 리터당 40원 결제일 할인
15,신한카드 The CLASSIC+,소매,제주 JDC 면세점 8% 결제일 할인
15,신한카드 The CLASSIC+,음식,"스타벅스 3,000원 할인"
16,신한카드 RPM+ Platinum#,생활서비스,모든 주유소 리터당 40~150포인트/충전소 리터당 10~50포인트 적립
16,신한카드 RPM+ Platinum#,소매,1~5% 특별적립
16,신한카드 RPM+ Platinum#,소매,1~5% 특별적립
17,신한카드 YOLO Tasty,소매,쇼핑업종 10% 결제일 할인
17,신한카드 YOLO Tasty,음식,외식업종 10% 결제일 할인
17,신한카드 YOLO Tasty,음식,KFC 20% 결제일 할인
17,신한카드 YOLO Tasty,음식,"커피, 베이커리 업종 20% 결제일 할인"
18,신한카드 Shopping,소매,"[쇼핑 할인] 오프라인 쇼핑(백화점, 프리미엄 아울렛, 마트, 창고형 할인매장) 10% 할인
· 온라인 쇼핑(홈쇼핑, 소셜커머스) 10% 할인"
18,신한카드 Shopping,생활서비스,"[생활 할인] 커피전문점·잡화·온라인서점 10% 할인
· 주유 60원/L 할인"
18,신한카드 Shopping,음식,"[제휴 할인] 마켓컬리, 프레딧, 집반찬연구소 10% 할인서비스"
19,신한카드 O2O,생활서비스,이동통신요금 자동이체 시 10% 결제일 할인
19,신한카드 O2O,음식,스타벅스 사이렌 오더 결제 시 최대 2천원 결제일 할인
19,신한카드 O2O,생활서비스,"카카오택시, 마켓컬리, 포잉 등 10~20% 결제일 할인"
21,신한카드 Simple Platinum#,생활서비스,잔돈 할인 서비스(COIN - SAVE)
22,카카오페이 신한카드,음식,"스타벅스, 커피빈 10% 할인"
24,EDIYA 신한카드 Tasty,음식,EDIYA COFFEE 50% 결제일 할인
24,EDIYA 신한카드 Tasty,소매,"Trendy 서비스 - 쇼핑, 다이닝, 몰링"
25,신한카드 Noon,음식,점심시간 요식업종 가맹점 30% 할인
25,신한카드 Noon,음식,"커피전문점/제과점 업종 가맹점 2,000원 할인"
25,신한카드 Noon,생활서비스,"이동통신요금 자동이체 3,000원 할인"
26,신한카드 Edu,생활서비스,"아파트 관리비 자동이체 매월 5,000원 캐시백"
26,신한카드 Edu,생활서비스,주요 생활업종 이용시 1% 캐시백
28,신세계 신한카드,소매,신세계백화점 5% 결제일 할인
28,신세계 신한카드,생활서비스,Life Care가맹점 5% 결제일 할인
30,모바일 Tmoney 신한카드,음식,스타벅스 사이렌 오더 50% 할인
30,모바일 Tmoney 신한카드,생활서비스,통신요금 자동이체 시 5% 할인
31,신한카드 All Pass,소매,편의점 10% 할인
31,신한카드 All Pass,음식,커피전문점 20% 할인
32,신한카드 Deep Dream,생활서비스,더해드림 - 자주 가는 DREAM영역은 기본의 3배(총 2.1%) 포인트 적립
32,신한카드 Deep Dream,생활서비스,챙겨드림 - DREAM영역 중 가장 많이 이용한 영역 기본의 5배(총 3.5%) 포인트 자동적립
32,신한카드 Deep Dream,생활서비스,"주말(토, 일) 전 주유소 리터당 80원 적립"
33,신한카드 The CLASSIC-L,음식,커피 무료 서비스
33,신한카드 The CLASSIC-L,생활서비스,GS칼텍스 주유 시 리터당 40원 결제일 할인
33,신한카드 The CLASSIC-L,소매,LG패션/오케이아웃도어닷컴/Outdous 5% 할인 서비스
35,GS칼텍스 신한카드 Shine,생활서비스,GS칼텍스 주유 시 리터당 60~100원 할인
37,신한카드 The BEST-F,음식,스타벅스 커피 할인 / 이마트 피자 무료 제공 서비스 / 특급호텔 베이커리 특별 할인 서비스
37,신한카드 The BEST-F,소매,"주요 백화점, 할인점, 아울렛 할인"
38,신한카드 Lesson Platinum#,생활서비스,COIN-SAVE 잔돈 할인
39,신한카드 Deep Oil,생활서비스,4개의 정유사 중 직접 고른 1개 정유사 주유 이용금액 10% 결제일 할인
39,신한카드 Deep Oil,소매,"GS25, CU 5% 결제일 할인"
39,신한카드 Deep Oil,음식,"스타벅스, 이디야 5% 결제일 할인"
40,신한카드 Deep Dream Platinum+,생활서비스,자주 가는 DREAM 영역 2.4~3.3% 포인트 적립
40,신한카드 Deep Dream Platinum+,생활서비스,가장 많이 가는 DREAM 영역 4.0~5.5% 포인트 적립
40,신한카드 Deep Dream Platinum+,생활서비스,"주유소 리터당 80원 적립, 택시 2천 원 할인"
41,신한카드 Deep On Platinum+,생활서비스,"4대 편의점, 생활/잡화, 커피, 월납 20% 할인"
42,SOCAR 제휴 SOCAR 신한카드,생활서비스,SOCAR 결제 시 30% 결제일 할인
42,SOCAR 제휴 SOCAR 신한카드,음식,커피전문점 20% 결제일 할인
42,SOCAR 제휴 SOCAR 신한카드,소매,"GS25, CU, 세븐일레븐 편의점 5% 결제일 할인"
42,SOCAR 제휴 SOCAR 신한카드,소매,"홈플러스, 이마트, 롯데마트 3대 할인점 3% 결제일 할인"
43,신한카드 Deep Store,소매,생활쇼핑 최대 15% 결제일 할인
43,신한카드 Deep Store,음식,커피전문점/제과점 업종 10% 결제일 할인
43,신한카드 Deep Store,소매,주말 3대 할인점 10% 결제일 할인
45,American Express Blue(아멕스블루),생활서비스,편의점·배달앱 7% 멤버십리워즈 적립
45,American Express Blue(아멕스블루),음식,스타벅스·이디야 20% 결제일할인
45,American Express Blue(아멕스블루),생활서비스,교통·통신 5% 멤버십리워즈 적립
45,American Express Blue(아멕스블루),소매,쇼핑·해외 1.5% 멤버십리워즈 적립
46,삼성카앤모아카드,생활서비스,국내외 모든 가맹점에서 0.2%·0.4% 주유포인트 적립
46,삼성카앤모아카드,생활서비스,전국 주유소 리터당 60원 결제일할인(청구할인) (LPG 30원)
46,삼성카앤모아카드,음식,"스타벅스 1,000원 할인"
50,아시아나 삼성지엔미플래티늄카드,생활서비스,S-OIL 리터당 40 보너스포인트 적립
50,아시아나 삼성지엔미플래티늄카드,음식,아웃백스테이크하우스 10% 할인
50,아시아나 삼성지엔미플래티늄카드,음식,"스타벅스 1,000원 결제일할인"
51,삼성카드 taptap O,생활서비스,이동통신요금 10% 결제일할인
52,삼성카드 taptap S,생활서비스,"모든 주유소 및 LPG 충전소 2,000원 결제일 할인"
53,아시아나 삼성애니패스플래티늄카드,생활서비스,"S-OIL 주유소에서 휘발유, 경유, 등유 주유시 리터당 40보너스포인트 적립"
53,아시아나 삼성애니패스플래티늄카드,음식,"스타벅스 1,000원 결제일 할인"
55,CU·배달의민족 삼성카드 taptap,소매,"CU 1,500원당 200원 결제일할인"
55,CU·배달의민족 삼성카드 taptap,음식,"음식점·주점 1,000원 결제일할인"
56,삼성카드 지엔미+,음식,커피전문점 10% 결제일할인
56,삼성카드 지엔미+,음식,"VIPS·계절밥상 20,000원 결제일할인"
56,삼성카드 지엔미+,생활서비스,교육·할인점·이동통신·병원·약국 1.5% 결제일할인
57,삼성카드 애니패스+,음식,커피전문점 10% 결제일할인
57,삼성카드 애니패스+,음식,"VIPS·계절밥상 20,000원 결제일할인"
57,삼성카드 애니패스+,생활서비스,음식점·주점·편의점·주유·택시 1.5% 결제일할인
58,카라이프 삼성카드 DISCOUNT+,생활서비스,모든 주유소에서 주유 시 리터당 90원 결제일할인
58,카라이프 삼성카드 DISCOUNT+,생활서비스,"할인점, 소셜커머스, 커피전문점, 편의점, 영화 할인"
59,삼성카드 taptap I,소매,일상패키지: 슈퍼마켓·프리미엄 아울렛 등 3% 결제일할인
59,삼성카드 taptap I,음식,일상패키지: 10대 커피전문점·제과점 30% 결제일할인
59,삼성카드 taptap I,음식,일상패키지: 음식점·신선식품 배송 20% 결제일할인
61,스카이패스 삼성아멕스카드,생활서비스,S-OIL 주유소 주유 시 리터당 40 보너스포인트 적립
62,글로벌쇼핑 삼성카드 5v2,음식,커피전문점·파리바게뜨·배스킨라빈스·던킨도너츠 10% 결제일할인
63,삼성페이 삼성카드 taptap,생활서비스,이동통신요금 10% 결제일할인
64,신세계이마트 삼성카드7,소매,신세계백화점·이마트 제휴 혜택
72,트레이더스신세계 삼성카드,소매,트레이더스 결제일할인
72,트레이더스신세계 삼성카드,생활서비스,이동통신 5% 결제일할인
72,트레이더스신세계 삼성카드,음식,커피전문점 5% 결제일할인
72,트레이더스신세계 삼성카드,소매,신세계백화점 제휴 서비스
72,트레이더스신세계 삼성카드,생활서비스,병원·약국 5% 결제일할인(청구할인)
73,카드의정석 NEW우리V카드,생활서비스,"대형마트, 백화점, 주유 등 5% 청구할인"
73,카드의정석 NEW우리V카드,음식,"아웃백, 애슐리, TGIF 등 25% 청구할인"
73,카드의정석 NEW우리V카드,음식,"탐앤탐스, 스타벅스 20% 청구할인"
74,All For Me카드,생활서비스,주요 7대 업종 10~5% 청구할인
74,All For Me카드,음식,커피 20% 청구할인
74,All For Me카드,음식,"치킨, 피자 10% 청구할인"
77,위비멤버스카드,소매,"대형할인점, 면세점 1.5% 및 위비마켓 2% 위비꿀머니 적립"
77,위비멤버스카드,생활서비스,이동통신 1.5% 위비꿀머니 적립
77,위비멤버스카드,생활서비스,병의원 1.5% 위비꿀머니 적립
77,위비멤버스카드,음식,치킨/피자 10% 청구할인
77,위비멤버스카드,음식,"스타벅스, 이디야, 폴바셋 10% 청구할인"
80,썸(SUM) 페이 카드,생활서비스,PAY 외 결제 시 5% 할인
80,썸(SUM) 페이 카드,음식,치킨/피자 10% 청구할인
81,위메프 우리카드,음식,스타벅스(사이렌오더 포함) 50% 청구 할인
81,위메프 우리카드,소매,편의점 업종 10% 청구 할인
82,우리 XGOLF 카드,소매,"Well Living: 백화점, 온라인 쇼핑, 대형할인점 모아포인트 1% 적립"
82,우리 XGOLF 카드,생활서비스,Well Living: 이동통신 모아포인트 1.5% 적립
82,우리 XGOLF 카드,생활서비스,Well Living: 병원(동물병원 포함) 모아포인트 1.5% 적립
84,카드의정석 POINT,생활서비스,이동통신 업종 모아포인트 5% 적립
84,카드의정석 POINT,음식,"스타벅스, 엔제리너스, 이디야 모아포인트 3% 적립"
84,카드의정석 POINT,소매,"백화점, 할인점, 온라인쇼핑 모아포인트 1% 적립"
84,카드의정석 POINT,생활서비스,주유 모아포인트 1% 적립
85,카드의정석 SHOPPING,소매,온·오프라인 쇼핑 10% 청구할인
85,카드의정석 SHOPPING,생활서비스,4대 주유소 주말 주유시 리터당 60원 청구할인
85,카드의정석 SHOPPING,음식,"스타벅스, 폴바셋 10% 청구할인"
86,카드의정석 DISCOUNT,생활서비스,"S-OIL, 현대오일뱅크 리터당 60~100원 청구할인"
86,카드의정석 DISCOUNT,음식,"스타벅스, 폴바셋 10% 청구할인"
87,DA@카드의정석,음식,제과점 1.3% 청구할인
87,DA@카드의정석,소매,편의점 1.3% 청구할인
87,DA@카드의정석,소매,수퍼마켓 1.3% 청구할인
87,DA@카드의정석,생활서비스,"병원, 약국 1.3% 청구할인"
87,DA@카드의정석,소매,"면세점, 해외이용금액 1.3% 청구할인"
87,DA@카드의정석,생활서비스,뷰티 1.3% 청구할인
87,DA@카드의정석,음식,음식점 1.3% 청구할인
87,DA@카드의정석,생활서비스,렌탈관련 이용금액 0.8% 청구할인
87,DA@카드의정석,생활서비스,주유관련 이용금액 0.8% 청구할인
87,DA@카드의정석,생활서비스,통신관련 이용금액 0.8% 청구할인
88,D4@카드의정석,음식,"커피 4대 브랜드 통합 (스타벅스, 투썸플레이스, 커피빈, 폴바셋) 55% 청구할인"
88,D4@카드의정석,소매,편의점 11% 청구할인
89,우리Most카드,생활서비스,SK네트웍스 Most 주유소 리터당 최대 200원 청구할인
91,카드의정석 PREMIUM POINT,생활서비스,"현대오일뱅크, S-OIL 주유 및 충전 시 리터당 60원 청구할인"
92,카드의정석 PREMIUM MILEAGE(SKYPASS),생활서비스,"현대오일뱅크, S-OIL 주유 및 충전 시 리터당 60원 청구할인"
93,카드의정석 PREMIUM MILEAGE(AsianaClub),생활서비스,"현대오일뱅크, S-OIL 주유 및 충전 시 리터당 60원 청구할인"
94,LoL CHAMPIONS KOREA 우리카드,생활서비스,"S-OIL, 현대오일뱅크 리터당 60~100원 청구할인"
94,LoL CHAMPIONS KOREA 우리카드,음식,"스타벅스, 폴바셋 10% 청구할인"
101,NEW 씨티 클리어,음식,매일 전국 모든식당 및 레스토랑 5% 청구할인 (오전 11시~오후2시)
101,NEW 씨티 클리어,생활서비스,통신 7% 청구할인
101,NEW 씨티 클리어,소매,쇼핑 7% 청구할인
101,NEW 씨티 클리어,음식,"다이닝 10% 청구할인
배달앱 7% 청구할인"
106,굿데이카드,생활서비스,"주유소, 충전소 업종 리터당 60원 청구할인"
106,굿데이카드,생활서비스,"전화요금, 인터넷이용료, 케이블TV 업종 10% 청구할인"
106,굿데이카드,생활서비스,"음식점, 커피전문점, 편의점, 약국 업종 10% 추가 청구할인"
107,SK LPG SAVE KB국민카드,생활서비스,"SK 충전소에서 건당 3만원이상 충전 시 1,500원 정액 청구할인"
107,SK LPG SAVE KB국민카드,음식,"3대 패밀리레스토랑(아웃백,VIPS,TGIF) 이용 시 10% 청구할인"
108,와이즈카드,생활서비스,특별 포인트리
109,SK에너지 러브유 KB국민카드,생활서비스,SK에너지 주유시 리터당 100원 청구할인
112,GS행복가득카드,생활서비스,GS칼텍스 리터당 100원 현장할인
115,굿데이올림카드,생활서비스,"주유소, 충전소 업종 리터당 60원 청구할인"
115,굿데이올림카드,소매,대형마트 10% 청구할인
115,굿데이올림카드,생활서비스,"전화요금, 인터넷이용료, 케이블TV 업종 10% 청구할인"
115,굿데이올림카드,생활서비스,"음식점, 커피전문점, 편의점, 약국 업종 10% 추가 청구할인"
116,청춘대로카드,음식,커피/제과/아이스크림 5~10% 할인
116,청춘대로카드,생활서비스,뷰티업종 최대 10% 할인
121,다담카드,생활서비스,"SKT, KT Olleh, LG U+ 10% 청구할인"
121,다담카드,생활서비스,SK주유소(충전소) 리터당 60원 청구할인
122,모바일101카드,생활서비스,"SKT, KT, LGU+ 이동통신요금 최대 3,000원 청구할인"
125,E1 LPG KB국민카드,생활서비스,E1 LPG충전소 리터당 100원 청구할인
125,E1 LPG KB국민카드,소매,인터넷 쇼핑몰/소셜커머스 10% 청구할인
125,E1 LPG KB국민카드,음식,패밀리레스토랑 이용금액 10% 청구할인
127,청춘대로 매니아i카드,생활서비스,이동통신요금 5% 적립
127,청춘대로 매니아i카드,생활서비스,"SK, GS칼텍스 주유소 리터당 100점 적립"
127,청춘대로 매니아i카드,음식,"커피, 디저트 10% 적립"
127,청춘대로 매니아i카드,소매,SPA 패션 20% 적립
132,청춘대로 1코노미 카드,소매,편의점 20% 포인트리 적립
132,청춘대로 1코노미 카드,음식,음식점 5% 포인트리 적립
132,청춘대로 1코노미 카드,생활서비스,이동통신요금 5% 포인트리 적립
132,청춘대로 1코노미 카드,생활서비스,"도시가스, 수도, 전기요금 등 생활요금 5% 포인트리 적립"
133,BeV Ⅲ 카드,생활서비스,주유 할인 서비스
134,탄탄대로 온리유카드,생활서비스,전 주유소 및 충전소 110~150점/L 적립
134,탄탄대로 온리유카드,생활서비스,다이렉트 자동차보험 1만원 할인
134,탄탄대로 온리유카드,생활서비스,이동통신 3사 자동납부 5% 적립
140,S-OIL LPG KB국민카드,생활서비스,"3만원 이상 충전 시 건당 1,800원 정액 청구할인"
140,S-OIL LPG KB국민카드,음식,"3대 패밀리레스토랑(아웃백,VIPS,TGIF) 이용 시 10% 청구할인"
141,KB국민 펫코노미 카드,생활서비스,반려동물 업종 10~30% 청구할인
141,KB국민 펫코노미 카드,소매,"이마트, 홈플러스, 롯데마트 5% 청구할인"
141,KB국민 펫코노미 카드,생활서비스,반려견 단체보험 무료 가입
142,톡톡 Pay카드,소매,"편의점(GS25, CU) 10% 청구할인"
143,청춘대로 꿀맛α카드,음식,"[꿀맛α Food 할인서비스]
음식업종 건당 2천원 청구할인"
143,청춘대로 꿀맛α카드,음식,"[꿀맛α Food 할인서비스]
커피/제과 업종 건당 1천원 청구할인"
144,청춘대로 꿀잠α카드,생활서비스,"[꿀잠α Relax 할인서비스]
인테리어 20% 청구할인"
148,삼성페이 KB국민카드,생활서비스,주요 생활영역 5% 할인서비스
152,에듀카드,생활서비스,약국 이용 시 10% 청구할인
156,Shopping Save카드,소매,쇼핑서비스 대상 가맹점 5~10% 적립
156,Shopping Save카드,생활서비스,이동통신요금 자동이체 시 5% 적립
156,Shopping Save카드,생활서비스,금융 수수료 면제
161,NC다이노스카드,음식,"스타벅스(사이렌오더 포함), 카페베네, 커피빈, 탐앤탐스 월 5천원~2만원 청구할인"
161,NC다이노스카드,생활서비스,휴대폰 국제전화 서비스
162,#ing(샵핑)카드,소매,"전국 주요 쇼핑업종, 모든 해외가맹점 청구할인 5% 할인(월5천원~2만5천원)"
163,#ing+(샵핑플러스)카드,소매,"전국 주요 쇼핑업종, 모든 해외가맹점 청구할인 7% 할인(월5천원~5만원)"
163,#ing+(샵핑플러스)카드,음식,"스타벅스(사이렌오더 포함), 카페베네, 커피빈, 탐앤탐스 4천원 할인"
164,ME+(미플러스)카드,음식,전국 음식점 7% 청구할인(해외포함)
164,ME+(미플러스)카드,음식,국내외 커피전문점 30% 청구할인
176,부자되세요 HomeShopping카드(비씨),생활서비스,"패밀리레스토랑, 커피, 영화 등 할인"
177,NH올원 All100(올백)카드,생활서비스,생활 업종 10% 적립
177,NH올원 All100(올백)카드,생활서비스,보험 및 금융 서비스
179,NH올원 Shopping&11번가카드(R2타입),소매,[R2-type 알찬서비스2] 대형마트/하나로클럽·마트 5% 청구할인
179,NH올원 Shopping&11번가카드(R2타입),소매,[R2-type 알찬서비스2] 백화점 5% 청구할인
179,NH올원 Shopping&11번가카드(R2타입),생활서비스,[R2-type 알찬서비스2] 병·의원/약국 5% 청구할인
179,NH올원 Shopping&11번가카드(R2타입),음식,[R2-type 알찬서비스2] 커피 10% 청구할인
179,NH올원 Shopping&11번가카드(R2타입),음식,[R2-type 알찬서비스2] 베이커리 10% 청구할인
179,NH올원 Shopping&11번가카드(R2타입),생활서비스,[R2-type 알찬서비스2] 주유 60원/L 청구할인
181,NH올원 파이카드,음식,[라이프서비스] 커피전문점 20% 청구할인
181,NH올원 파이카드,소매,[라이프서비스] 편의점 및 잡화 5% 청구할인
182,SolSol++(쏠쏠투플러스)카드,생활서비스,주요 12대 생활업종 3~12% 청구할인
183,SolSol(쏠쏠)카드,생활서비스,주요 12대 생활업종 3~12% 청구할인
184,NH20 해봄카드,생활서비스,"통신비 4,000원 할인"
184,NH20 해봄카드,음식,커피 30% 할인
184,NH20 해봄카드,소매,GS25 5% 할인
184,NH20 해봄카드,생활서비스,주유 5% 할인
185,NH농협 부자되세요 아파트카드(비씨),생활서비스,아파트관리비 최대 1만원 할인
185,NH농협 부자되세요 아파트카드(비씨),소매,쇼핑 최대 1만원 할인
185,NH농협 부자되세요 아파트카드(비씨),음식,"커피, 베이커리 5% 할인"
186,NH농협 콕카드,소매,농협 판매장 10% 할인
186,NH농협 콕카드,생활서비스,생활 업종 10% 할인
186,NH농협 콕카드,생활서비스,통신요금 10% 할인
188,올바른OIL카드,생활서비스,"GS칼텍스, 농협주유소 리터당 100원~150원 청구할인 (LPG충전소 포함)"
188,올바른OIL카드,생활서비스,"커피, 편의점, 교통 등 생활 적립서비스"
189,올바른TRAVEL카드(일본특화),생활서비스,"국내 쇼핑, 커피, 영화 등 생활할인"
190,올바른TRAVEL카드(중국특화),생활서비스,"국내 쇼핑, 커피, 영화 등 생활할인"
191,T라이트카드,생활서비스,SKT라이트할부 및 통신료 할인 서비스
191,T라이트카드,음식,생활 할인 서비스
192,KT수퍼할부카드(비씨),생활서비스,"KT라이트할부 서비스
KT통신요금(자동이체) 할인 서비스"
192,KT수퍼할부카드(비씨),생활서비스,"커피, 베이커리, 아이스크림 10% 청구할인
영화 CGV 1천원 청구할인"
193,NH올원 LGU+카드,생활서비스,"LGU+ 라이트할부 및 통신료 자동이체 최대 17,000원 할인"
193,NH올원 LGU+카드,생활서비스,"커피, 베이커리 10% 청구할인 및 CGV 1,000원 청구할인"
194,롯데포인트 플러스 카드,생활서비스,롯데카드 기본 서비스
200,올마이쇼핑 카드 (해외),소매,쇼핑+해외이용금액 할인
201,롯데백화점 롯데카드,소매,롯데백화점 15% 결제일할인
201,롯데백화점 롯데카드,소매,롯데백화점 5% 현장할인 e-쿠폰 제공
203,ALL MY DC,생활서비스,[더 할인 서비스] 통신 1.5% 청구할인
203,ALL MY DC,소매,[더 할인 서비스] 마트 1.5% 청구할인
203,ALL MY DC,생활서비스,[더 할인 서비스] 주유 1.5% 청구할인
204,ALL MY POINT,생활서비스,[더 적립 서비스] 통신 1.5% 적립
204,ALL MY POINT,소매,[더 적립 서비스] 마트 1.5% 적립
204,ALL MY POINT,생활서비스,[더 적립 서비스] 주유 1.5% 적립
205,ALL MY LIVING,생활서비스,"통신비, 주거비, 교육비 5% 할인"
205,ALL MY LIVING,소매,주말 식료품비 5% 할인
205,ALL MY LIVING,생활서비스,"의료비, 교통비, 편의점 5% 할인"
206,ALL MY DRIVING,생활서비스,주유소(가스충전소) 리터당 80원 할인
206,ALL MY DRIVING,소매,롯데마트 10% 할인
207,경차 smart 롯데카드,생활서비스,주유 할인 서비스
207,경차 smart 롯데카드,소매,쇼핑 할인 서비스
207,경차 smart 롯데카드,생활서비스,미용실 최대 20% 할인
207,경차 smart 롯데카드,음식,외식 할인
214,I’m GREAT,생활서비스,"월납생활비 - 이동통신, 공과금, 교육, 보험 5~10% 결제일 할인"
214,I’m GREAT,소매,주말생활비 - 마트/슈퍼 5~10% 결제일 할인
214,I’m GREAT,생활서비스,"일상생활비 - 의료, 교통, 편의점 5~10% 결제일 할인"
215,I’m CHEERFUL,음식,언제나 할인 - 음식점 5% 결제일 할인
215,I’m CHEERFUL,음식,"점심 할인 - 음식점 10%, 커피 30% 결제일 할인"
217,I’m JOYFUL,생활서비스,주말 주유 리터당 60원 할인
217,I’m JOYFUL,음식,야간요식 5~10% 결제일 할인
217,I’m JOYFUL,소매,"쇼핑(소셜커머스, SPA브랜드, 편의점) 5~10% 결제일 할인"
217,I’m JOYFUL,생활서비스,"헬스케어(병원, 약국, 동물병원) 5~10% 결제일 할인"
227,CLUB SK(클럽 SK)카드,생활서비스,"SK텔레콤 이동통신 요금 최대 15,000원 청구할인"
227,CLUB SK(클럽 SK)카드,생활서비스,"SK주유소 리터당 최대 150원 청구할인
SK충전소 리터당 최대 70원 청구할인"
227,CLUB SK(클럽 SK)카드,생활서비스,"교통, 영화, 외식, 커피 등 최대 10% 청구할인"
227,CLUB SK(클럽 SK)카드,소매,"이마트, 홈플러스, 롯데마트 최대 10% 청구할인"
231,하나멤버스 1Q(원큐) 카드 Living,생활서비스,국내 특화가맹점/해외 모든가맹점 하나머니 적립
231,하나멤버스 1Q(원큐) 카드 Living,음식,"스타벅스, 커피빈 할인"
231,하나멤버스 1Q(원큐) 카드 Living,생활서비스,아파트관리비 자동이체 시 하나머니 적립
232,하나멤버스 1Q(원큐) 카드 Shopping,소매,국내 특화가맹점/해외 모든가맹점 하나머니 적립
232,하나멤버스 1Q(원큐) 카드 Shopping,음식,"스타벅스, 커피빈 할인"
232,하나멤버스 1Q(원큐) 카드 Shopping,생활서비스,아파트관리비 자동이체 시 하나머니 적립
234,하나멤버스 1Q(원큐) 카드 Daily,음식,"스타벅스, 커피빈 할인"
234,하나멤버스 1Q(원큐) 카드 Daily,생활서비스,아파트관리비 자동이체 시 하나머니 적립
237,하나멤버스 1Q카드 내맘대로,생활서비스,통신요금 적립(공통서비스)
238,1Q Daily+,생활서비스,SK주유소 월 최대 6천원 청구할인
238,1Q Daily+,음식,스타벅스/커피빈 4천원 이상 결제시 4천원 청구할인
238,1Q Daily+,생활서비스,"이번달 아파트관리비 / 4대보험 자동이체 금액
합산 10만원 이상일 때 5천 하나머니 적립"
239,1Q Shopping+,생활서비스,SK주유소 월 최대 6천원 청구할인
239,1Q Shopping+,음식,스타벅스/커피빈 4천원 이상 결제시 4천원 청구할인
239,1Q Shopping+,생활서비스,"이번달 아파트관리비 / 4대보험 자동이체 금액
합산 10만원 이상일 때 5천 하나머니 적립"
240,1Q Living+,생활서비스,"[리빙 적립]
주유, 학원 이용금액 하나머니 적립(월 최대 4만 머니)"
240,1Q Living+,음식,스타벅스/커피빈 4천원 이상 결제시 4천원 청구할인
240,1Q Living+,생활서비스,"이번달 아파트관리비 / 4대보험 자동이체 금액
합산 10만원 이상일 때 5천 하나머니 적립"
241,1Q Special+,소매,쇼핑 또는 주유 이용금액 스페셜 적립
241,1Q Special+,생활서비스,"온라인쇼핑, 통신/교통/자동이체, 해외 이용금액 플러스적립"
241,1Q Special+,음식,국내 음식업종 할인
241,1Q Special+,음식,"스타벅스, 커피빈 4,000원 할인"
241,1Q Special+,생활서비스,"아파트관리비, 4대보험 적립"
242,Mile 1.6 대한항공,음식,"스타벅스 4,000원 청구할인"
243,Mile 1.6 아시아나,음식,"스타벅스 4,000원 청구할인"
244,Mile 1.8 대한항공,음식,"스타벅스 4,000원 청구할인"
245,Mile 1.8 아시아나,음식,"스타벅스 4,000원 청구할인"
246,통커 카드,음식,스타벅스 30~50% 청구할인
246,통커 카드,생활서비스,이동통신요금 자동이체 시 10% 청구할인
247,#tag1카드 Orange,생활서비스,"기본서비스(커피, 편의점, 통신, 영화할인)"
248,#tag1카드 Navy,생활서비스,"기본서비스(교육, 아파트관리비, 통신, 영화할인)"
248,#tag1카드 Navy,소매,"우대PLUS서비스(대형마트, 외식할인)"
250,my pass 마패 카드,소매,편의점 청구할인
250,my pass 마패 카드,음식,커피 청구할인
254,1Q My Lunch,음식,점심시간 국내 일반음식점에서 10% 적립
258,Oil & Life카드(Oil카드),생활서비스,[기본서비스] 휴대폰 이용금액의 3% 할인
258,Oil & Life카드(Oil카드),생활서비스,[특화서비스] GS칼텍스 리터당 120원 청구할인(LPG 포함)
258,Oil & Life카드(Oil카드),생활서비스,[기본서비스] 금융수수료 면제
259,Oil & Life카드(Life카드),생활서비스,[기본서비스] 휴대폰 이용금액의 3% 할인
259,Oil & Life카드(Life카드),음식,"[특화서비스] 푸드, 커피, 제과업종 10% 할인"
259,Oil & Life카드(Life카드),생활서비스,[특화서비스] GS칼텍스 리터당 60원 청구할인(LPG 포함)
259,Oil & Life카드(Life카드),생활서비스,[기본서비스] 금융수수료 면제
263,참! 좋은 kt wiz 카드(신용),생활서비스,[부가 서비스] 전 주유소 리터당 60원 할인
263,참! 좋은 kt wiz 카드(신용),소매,[부가 서비스] 마트(대형 할인점) 5% 할인
263,참! 좋은 kt wiz 카드(신용),음식,[친구 서비스] 주요 커피전문점 20% 할인
263,참! 좋은 kt wiz 카드(신용),음식,[친구 서비스] 외식 업종 20% 할인
264,olleh Super DC IBK카드,생활서비스,"KT통신요금 최대 15,000원 할인"
264,olleh Super DC IBK카드,생활서비스,전 주유소/충전소 리터당 60원 청구할인(부가서비스)
264,olleh Super DC IBK카드,음식,주요 패밀리레스토랑 10% 청구할인(부가서비스)
266,일상의 기쁨카드(신용),음식,커피전문점 할인
266,일상의 기쁨카드(신용),생활서비스,주유소 할인
266,일상의 기쁨카드(신용),소매,편의점 할인
266,일상의 기쁨카드(신용),소매,올리브영 할인
266,일상의 기쁨카드(신용),소매,마트 할인
270,아모레퍼시픽 IBK카드,소매,아모레퍼시픽 할인
270,아모레퍼시픽 IBK카드,음식,커피전문점 할인
270,아모레퍼시픽 IBK카드,생활서비스,주유소 할인
270,아모레퍼시픽 IBK카드,소매,편의점 할인
270,아모레퍼시픽 IBK카드,소매,올리브영 할인
270,아모레퍼시픽 IBK카드,소매,마트 할인
421,현대카드M-경차전용카드(유류세 환급),생활서비스,경차 유류세 환급 대상자 주유 및 충전(LPG) 시 유류세 환급
421,현대카드M-경차전용카드(유류세 환급),생활서비스,"현대오일뱅크/SK에너지 주유시 리터당 200원·400원 할인
모든 충전소(LPG) 이용 시 리터당 100원·200원 할인"
421,현대카드M-경차전용카드(유류세 환급),생활서비스,현대해상 자동차 보험료 결제 시 청구 할인
447,CLUB Premier Travel 카드,소매,Daily Service
447,CLUB Premier Travel 카드,음식,Daily Service
447,CLUB Premier Travel 카드,생활서비스,브랜드 서비스
448,CLUB Premier Hotel 카드,생활서비스,모든 주유소 할인
448,CLUB Premier Hotel 카드,음식,"스타벅스, 커피빈 할인"
448,CLUB Premier Hotel 카드,생활서비스,국제 브랜드 서비스
451,CLUB Primus Point 카드,소매,면세점 및 백화점 이용금액 2% 포인트 특별적립
451,CLUB Primus Point 카드,생활서비스,SK 주유소 이용금액 리터당 60포인트 적립
452,CLUB Primus Skypass 카드,소매,"면세점 및 백화점 이용금액 1,500원당 2마일리지 특별적립"
452,CLUB Primus Skypass 카드,생활서비스,SK 주유소 이용금액 리터당 3마일리지 적립
453,CLUB Primus Asiana Club 카드,소매,"면세점 및 백화점 이용금액 1,000원당 2마일리지 특별적립"
453,CLUB Primus Asiana Club 카드,생활서비스,SK 주유소 이용금액 리터당 3마일리지 적립
455,롯데 국민행복카드,생활서비스,행복 맞춤 서비스 (통합 할인한도 내 적용)
458,네이버페이 taptap,음식,[일상팩] 커피전문점·편의점·배달앱 5% 네이버페이 포인트 적립
463,신세계 씨티 클리어 카드,생활서비스,"청구 할인 혜택 (매일 할인, 라이프 스타일 할인) 최대 7% 할인"
466,신한카드 Air One,소매,"신라면세점 더 심플(앱) 1,000원당 총 2마일 적립"
469,Easy pick카드,소매,[Easy 서비스] 대형마트 5% 적립
469,Easy pick카드,생활서비스,[Easy 서비스] 주유소/충전소 5% 적립
469,Easy pick카드,생활서비스,[Basic 서비스] 이동통신 5% 적립
470,Easy on카드,음식,[Easy on 특화서비스] 음식 업종 5% 할인
470,Easy on카드,소매,[Easy on 특화서비스] 백화점 5% 할인
470,Easy on카드,음식,[Easy on 특화서비스] 커피 5% 할인
470,Easy on카드,소매,[Easy on 특화서비스] 편의점 5% 할인
470,Easy on카드,생활서비스,[Easy on Plus 서비스] 이동통신요금 5% 할인
470,Easy on카드,생활서비스,"[Easy on Plus 서비스] 온라인 음원, 숙박앱 5% 할인"
471,LOTTE ONers 롯데카드,생활서비스,기본적립 0.5% L.POINT 적립
471,LOTTE ONers 롯데카드,생활서비스,특별적립 3% L.POINT 적립
473,카드의정석 UniMile,소매,[특별적립] 면세점 2% UniMile 적립
473,카드의정석 UniMile,생활서비스,[특별적립] 렌터카 1% UniMile 적립
473,카드의정석 UniMile,생활서비스,[특별적립] 주유소 1% UniMile 적립
473,카드의정석 UniMile,생활서비스,[기본적립] 국내가맹점 0.7% UniMile 적립
473,카드의정석 UniMile,음식,"스타벅스, 투썸플레이스 1천원 청구할인"
475,ONE AIR(UniMile),음식,스타벅스 2천원 할인
476,신한카드 Deep Making,소매,"백화점, 마트, 홈쇼핑, 온라인쇼핑, 소셜몰, 패션&뷰티 1~5% 적립"
476,신한카드 Deep Making,음식,"커피전문점, 편의점, 베이커리, 배달앱 1~5% 적립"
476,신한카드 Deep Making,생활서비스,"주유, 교육, 병원, 이동통신, 대중교통 1~5% 적립"
477,신한카드 Deep Taking,소매,"백화점, 마트, 홈쇼핑, 온라인쇼핑, 소셜몰, 패션&뷰티 2% 적립"
477,신한카드 Deep Taking,음식,"커피전문점, 편의점, 베이커리, 배달앱 2% 적립"
477,신한카드 Deep Taking,생활서비스,"주유, 교육, 병원, 이동통신, 대중교통 2% 적립"
478,마이 홈플러스 신한카드,소매,홈플러스 포인트 1.2% 적립
480,카카오 T 하나카드,생활서비스,주유소 리터당 60원 할인
481,카드의정석 댕댕냥이(강아지),생활서비스,동물병원 10% 청구할인
481,카드의정석 댕댕냥이(강아지),소매,"백화점, 아울렛, 잡화 10% 청구할인"
481,카드의정석 댕댕냥이(강아지),소매,"대형할인점, 편의점 등 10% 청구할인"
481,카드의정석 댕댕냥이(강아지),생활서비스,주말 4대 주유소 리터당 60원 청구할인
481,카드의정석 댕댕냥이(강아지),음식,"스타벅스, 폴바셋 10% 청구할인"
482,카드의정석 댕댕냥이(고양이),생활서비스,동물병원 10% 청구할인
482,카드의정석 댕댕냥이(고양이),소매,"백화점, 아울렛, 잡화 10% 청구할인"
482,카드의정석 댕댕냥이(고양이),소매,"대형할인점, 편의점 등 10% 청구할인"
482,카드의정석 댕댕냥이(고양이),생활서비스,주말 4대 주유소 리터당 60원 청구할인
482,카드의정석 댕댕냥이(고양이),음식,"스타벅스, 폴바셋 10% 청구할인"
483,뉴타임카드,소매,주요 편의점 및 제과점 5% 할인
487,신한카드 B.Big(마이펫 스노우볼 삑),소매,4대 백화점 5% 할인
487,신한카드 B.Big(마이펫 스노우볼 삑),음식,커피전문점 10% 할인
487,신한카드 B.Big(마이펫 스노우볼 삑),소매,편의점 5% 할인
487,신한카드 B.Big(마이펫 스노우볼 삑),생활서비스,이동통신요금 5% 할인
488,Easy auto 티타늄카드,생활서비스,주유 리터당 150점 포인트리 적립
488,Easy auto 티타늄카드,생활서비스,자동차보험 1만점 포인트리 적립
488,Easy auto 티타늄카드,음식,제과/아이스크림 2천점 포인트리 적립
488,Easy auto 티타늄카드,소매,"편의점, 올리브영 1천점 포인트리 적립"
489,Easy fly 티타늄카드,생활서비스,Easy fly+ 서비스
500,신세계면세점 SSG카드,소매,신세계면세점 선불카드 5만원 증정
503,씨티 메가마일 스카이패스,생활서비스,[특별적립] 생활(라이프) 5 마일리지 적립
503,씨티 메가마일 스카이패스,소매,[특별적립] 쇼핑 5 마일리지 적립
504,씨티 메가마일 아시아나,생활서비스,[특별적립] 생활(라이프) 7 마일리지 적립
504,씨티 메가마일 아시아나,소매,[특별적립] 쇼핑 5 마일리지 적립
506,할인조아카드,생활서비스,[7대 업종 생활할인] 전 주유소(LPG 포함) 리터당 60원 청구할인
506,할인조아카드,음식,[7대 업종 생활할인] 스타벅스/이디야 2천원 청구할인
506,할인조아카드,소매,[7대 업종 생활할인] GS25/CU/세븐일레븐 1천원 청구할인
506,할인조아카드,소매,[7대 업종 생활할인] 하나로마트/이마트/홈플러스/롯데마트 5% 청구할인
507,쇼핑조아카드,소매,온라인/오프라인 쇼핑 5% 할인
508,올바른 Edu 카드,생활서비스,10대 업종 0.5~1% 청구할인
512,올바른 POINT UP 카드,생활서비스,생활영역 0.5%~1.0% 추가적립
513,올바른 POINT UP+ 카드,생활서비스,생활영역 0.7%~1.2% 추가적립
516,올바른 BAZIC+ 카드,생활서비스,선택영역 1개 영역 1.4%~2.1% 청구할인
518,신한카드 Deep ECO,생활서비스,[Health Care 서비스] 워킹 / 보험
519,신한카드 D-day,소매,"[DAY 서비스] 월요일, 화요일, 수요일 편의점 5% 적립"
519,신한카드 D-day,음식,[DAY 서비스] 금요일 요식업종 가맹점 5% 적립
519,신한카드 D-day,생활서비스,[DAY 서비스] 토요일 뷰티업종 가맹점 5% 적립
519,신한카드 D-day,음식,"[WEEK 서비스] 매주 월요일 오전 스타벅스 최대 2,000원 할인"
521,카드의정석 베트남여행,소매,오프라인 쇼핑 10% 청구할인
521,카드의정석 베트남여행,생활서비스,주말 4대 주유소 리터당 60원 청구할인
521,카드의정석 베트남여행,음식,"스타벅스, 폴바셋 10% 청구할인"
522,Liiv M 카드,생활서비스,통신요금 자동이체 1만원~1만5천원 청구할인
526,NH농협 올바른LIFE카드(할인형),소매,대형마트 3% 청구할인
526,NH농협 올바른LIFE카드(할인형),생활서비스,"병원, 약국 3% 청구할인"
526,NH농협 올바른LIFE카드(할인형),음식,"커피, 제과점 5% 청구할인"
526,NH농협 올바른LIFE카드(할인형),소매,편의점 5% 청구할인
526,NH농협 올바른LIFE카드(할인형),생활서비스,이동통신요금 자동납부건 2천원 청구할인
530,LCC UniMile카드,생활서비스,생활 할인 서비스
531,NH농협 올바른 하나로(Hanaro) 카드,생활서비스,주요 생활편의업종 이용액의 3% NH포인트 적립
531,NH농협 올바른 하나로(Hanaro) 카드,생활서비스,"병원, 약국 5% 청구할인"
533,I’m DRIVING,생활서비스,"[DC ONE] 내가 직접 고르는 특별할인!
[DC ALL] 언제 어디서나 누리는 기본할인!"
533,I’m DRIVING,음식,"[드라이버 할인] 음식점(저녁), 편의점, 주차장, 세차장, 대리운전 5% 할인"
535,샤롯데 플래티넘 스타 카드,소매,"롯데면세점 5~15% 할인우대, 롯데백화점 5% 할인 e-쿠폰 등"
535,샤롯데 플래티넘 스타 카드,음식,"T.G.I. FRiDAY'S 10% 할인, 미스터피자 15% 현장할인 등"
535,샤롯데 플래티넘 스타 카드,생활서비스,박준 뷰티랩 20%할인/박승철 헤어스투디오 15% 할인 (프리미엄 매장 제외)
535,샤롯데 플래티넘 스타 카드,생활서비스,Be My Guest / Star Point / Life Support / Bonus Present
536,신한카드 Deep Once,생활서비스,10개 렌탈사 자동이체 이용 시 마이신한포인트 적립
536,신한카드 Deep Once,생활서비스,7개 생활월납 자동이체 이용 시 마이신한포인트 적립
537,신한카드 Deep Once Plus,생활서비스,10개 렌탈사 자동이체 이용 시 마이신한포인트 적립
537,신한카드 Deep Once Plus,생활서비스,7개 생활월납 자동이체 이용 시 마이신한포인트 적립
537,신한카드 Deep Once Plus,생활서비스,"커피, 편의점, 해외 이용시 마이신한포인트 적립"
538,Easy study 티타늄카드,생활서비스,"수영장, 요가, 레포츠클럽, 문화센터, 종합스포츠센터 3% 할인"
538,Easy study 티타늄카드,생활서비스,"대형마트, 통신요금, 패스트푸드 할인"
539,샤롯데 비앤 롯데카드,생활서비스,"외식업종, 마트, 학원업종 10% 할인"
539,샤롯데 비앤 롯데카드,생활서비스,의료업종 2~3개월 무이자 할부
540,I’m ACTIVE,생활서비스,"병원, 약국, 동물병원 5% 캐시백"
540,I’m ACTIVE,생활서비스,"운동, 레저스포츠, 건강보조식품 등 5% 캐시백"
542,갤러리아 우리카드,소매,갤러리아 관련 혜택
542,갤러리아 우리카드,생활서비스,4대 주유소 주말 주유시 리터당 60원 청구할인
542,갤러리아 우리카드,음식,"커피(스타벅스, 폴바셋, 빈스앤베리스) 1천원 청구할인"
543,카드의정석 APT,생활서비스,"아파트관리비(공공 임대료) 5천~15천원 청구할인,
도시가스 자동납부 3,000원 청구할인"
544,카드의정석 APT Platinum,생활서비스,"아파트관리비(공공 임대료) 5천~15천원 청구할인,
도시가스 자동납부 3,000원 청구할인"
546,다둥이 행복카드,생활서비스,GS칼텍스 리터당 최대 70원 청구할인
546,다둥이 행복카드,음식,패밀리 레스토랑 할인
546,다둥이 행복카드,소매,"유명의류, 한국프뢰벨, 현대홈쇼핑, 특별할인서비스"
546,다둥이 행복카드,생활서비스,"자동차, 통신 등 생활서비스 제공"
551,Easy link 티타늄카드,생활서비스,자동납부 5천원/1만원 캐시백
551,Easy link 티타늄카드,생활서비스,통신요금 자동납부 5천원 청구할인
562,올바른 GIVE 카드,생활서비스,5대 업종 5% 청구할인
562,올바른 GIVE 카드,생활서비스,이동통신요금 자동납부건 2천원 청구할인(월 1회)
562,올바른 GIVE 카드,생활서비스,종합건강검진비 2만원 청구할인(연 1회)
565,위 테라카드(스카이패스),음식,전세계 스타벅스 이용시 4천원 청구할인(월 1회)
566,위 테라카드(아시아나클럽),음식,전세계 스타벅스 이용시 4천원 청구할인(월 1회)
567,위 테라카드(포인트),음식,전세계 스타벅스 이용시 4천원 청구할인(월 1회)
568,부릉 삼성카드 BIZ,음식,파리바게뜨·배스킨라빈스·던킨도너츠 10% 결제일할인
568,부릉 삼성카드 BIZ,생활서비스,부가세환급 편의지원서비스 및 전자세금계산서 월 250건 무료 제공
580,Easy pick 티타늄 카드,소매,[Easy 서비스] 대형마트 5% 적립
580,Easy pick 티타늄 카드,생활서비스,[Easy 서비스] 주유소/충전소 5% 적립
580,Easy pick 티타늄 카드,생활서비스,[Basic 서비스] 이동통신 5% 적립
580,Easy pick 티타늄 카드,생활서비스,[Basic 서비스] 정수기 렌탈 5% 적립
583,알뜰교통카드,생활서비스,자동납부 업종 10% 청구할인
583,알뜰교통카드,소매,대형할인점 업종 2천원 청구할인
583,알뜰교통카드,음식,스타벅스 10% 청구할인
587,모두의 쇼핑,소매,생활 쇼핑 5% 적립
587,모두의 쇼핑,소매,아울렛 쇼핑 5% 적립
591,카카오뱅크 KB국민카드,소매,편의점 3천원 할인
591,카카오뱅크 KB국민카드,음식,커피·제과·패스트푸드 3천원 할인
592,카카오뱅크 삼성카드,소매,조건 없이 마트/편의점 1% 할인
592,카카오뱅크 삼성카드,생활서비스,"커피/교통 5% 할인
쇼핑/배달앱 3% 할인"
593,카카오뱅크 씨티카드,음식,전 세계 스타벅스 50% 할인 (국내/해외 월 2회 제공)
593,카카오뱅크 씨티카드,생활서비스,"SKT, KT, LG U+ 5% 할인"
593,카카오뱅크 씨티카드,생활서비스,"공유자전거 50% 할인
배달앱, 편의점 5% 할인"
594,카드의정석 삼성디지털프라자,소매,삼성디지털프라자 장기할부 및 청구할인
594,카드의정석 삼성디지털프라자,음식,커피전문점 1천원 청구할인
595,아이파킹 크레딧 카,생활서비스,주유 / 충전 할인
596,셀리턴 우리카드,생활서비스,셀리턴 렌탈 요금 자동이체 시 청구할인
597,AK우리카드,음식,"스타벅스, 폴바셋 1천원 청구할인"
598,AK우리카드 VIP,음식,"스타벅스, 폴바셋 1천원 청구할인"
606,카드의정석 UNTACT,생활서비스,정기결제 최대 20% 청구할인
607,카드의정석 UNTACT PLATINUM,생활서비스,정기결제 최대 20% 청구할인
612,펫블리(PETvely) 카드,생활서비스,"반려동물병원 및 반려동물 관련 업종 7% 적립
대형 온라인 오픈마켓 5% 적립"
612,펫블리(PETvely) 카드,생활서비스,반려동물 배상책임보험 무료 제공
612,펫블리(PETvely) 카드,음식,커피전문점 업종 5% 청구할인
613,신한카드 YaY,생활서비스,마리아쥬 서비스 적립
615,Easy ring 티타늄카드,생활서비스,"통신요금 자동납부 1만원당 1,500원 청구 할인"
616,다이소 삼성카드,생활서비스,"다이소 2,000원 ~ 4,000원 결제일할인"
616,다이소 삼성카드,음식,"커피전문점 2,000원 결제일할인"
617,카드의정석 UniMile in JEJU,생활서비스,주유할인 서비스
621,LOCA for Auto,생활서비스,SK 에너지ㆍS-OILㆍGS칼텍스ㆍ현대오일뱅크 100원/L 할인
621,LOCA for Auto,생활서비스,"자동차 손해보험 10,000원 할인"
621,LOCA for Auto,소매,GS25ㆍCUㆍ세븐일레븐 5% 할인
622,LOCA for Coffee,음식,스타벅스ㆍ폴바셋ㆍ빽다방ㆍ투썸플레이스 50% 할인
624,LOCA for Health,생활서비스,병원ㆍ약국ㆍ동물병원 10% 할인
624,LOCA for Health,소매,"백화점, 슈퍼 5% 할인"
625,LOCA for Shopping,소매,이마트ㆍ홈플러스ㆍ롯데마트 10% 할인
625,LOCA for Shopping,소매,세븐일레븐ㆍGS25ㆍCU 10% 할인
629,[IBK] 그린카드v2,생활서비스,생활요금 자동이체 5% 에코머니 포인트 적립
631,[NH농협] 그린카드v2,생활서비스,생활요금 자동이체 5% 에코머니 포인트 적립
631,[NH농협] 그린카드v2,음식,커피 10% 청구할인
632,[DGB대구] 그린카드v2,생활서비스,생활요금 자동이체 5% 에코머니 포인트 적립
633,[BNK부산] 그린카드v2,생활서비스,Green&Energy : 생활요금 자동이체 5% 에코머니 포인트 적립
649,마이핏카드(적립형),생활서비스,편의점/택시 1천점 포인트리 적립
649,마이핏카드(적립형),소매,쇼핑/배달 5% 포인트리 적립
650,마이핏카드(할인형),음식,푸드(#외식 #커피) 5% 청구할인
650,마이핏카드(할인형),소매,편의(#편의점 #뷰티) 5% 청구할인
650,마이핏카드(할인형),생활서비스,생활(#마트 #주유 #통신) 5% 청구할인
650,마이핏카드(할인형),소매,쇼핑/배달 5% 청구할인
652,올바른 OIL&PASS,음식,"커피전문점 2,000원 청구할인(월 2회)"
652,올바른 OIL&PASS,소매,"편의점 1,000원 청구할인(월 2회)"
654,올바른 MYPICK 카드,음식,[선택형1] FOOD PACK
654,올바른 MYPICK 카드,소매,[선택형2] SHOPPING PACK
654,올바른 MYPICK 카드,생활서비스,[선택형4] MEDI PACK
654,올바른 MYPICK 카드,생활서비스,[선택형5] HEALTH & BEAUTY PACK
655,Daily With(데일리위드)카드,음식,[6대생활영역] 음식점
655,Daily With(데일리위드)카드,소매,[6대생활영역] 대형마트·편의점
655,Daily With(데일리위드)카드,생활서비스,[6대 생활영역] 통신비
655,Daily With(데일리위드)카드,생활서비스,[6대 생활영역] 병원비
657,taptap DIGITAL,소매,편의점·헬스&뷰티·생활잡화 10% 결제일할인
658,taptap DRIVE,생활서비스,주유 리터당 60원~150원 할인
658,taptap DRIVE,소매,온라인 간편결제·온라인쇼핑몰 1% 할인
659,taptap SHOPPING,소매,오프라인 쇼핑 5% 할인
661,카드의정석 UNTACT AIR,생활서비스,정기결제 10~20% 청구할인
666,올바른 FLEX 카드,음식,스타벅스(사이렌오더 포함) 50% 청구할인
666,올바른 FLEX 카드,생활서비스,"유튜브프리미엄, 넷플릭스, 멜론 정기결제 20% 청구할인
배달의민족, 요기요 10% 청구할인"
666,올바른 FLEX 카드,소매,"쿠팡, G마켓, 11번가, 티몬, 농협몰 5% 청구할인
CU, GS25 5% 청구할인"
667,모두의 건강,음식,저녁식사(오후 6시~9시) 5% 적립
667,모두의 건강,소매,대형마트 5% 적립
667,모두의 건강,음식,커피 5% 적립
667,모두의 건강,생활서비스,병원/동물병원 5% 적립
681,SSG.COM 삼성카드,생활서비스,생활편의영역 5% SSG MONEY 추가 적립
682,American Express Blue(아멕스블루),생활서비스,편의점·배달앱 7% 멤버십리워즈 적립
682,American Express Blue(아멕스블루),생활서비스,교통·통신 5% 멤버십리워즈 적립
682,American Express Blue(아멕스블루),소매,쇼핑·해외 1.5% 멤버십리워즈 적립
682,American Express Blue(아멕스블루),음식,스타벅스·이디야 20% 결제일할인
692,요기요 신한카드,음식,"스타벅스 사이렌오더, 와인앤모어 10% 결제일 할인"
693,신한카드 MY CAR,생활서비스,"전국 모든 주유소 이용금액 리터당 80원 결제일 할인
전국 모든 충전소 이용금액 리터당 40원 결제일 할인"
693,신한카드 MY CAR,음식,전국 모든 커피전문점 월 최대 2천원 결제일 할인
696,카드의정석 US,생활서비스,통신요금 자동납부 10% 적립
699,톡톡 with카드,음식,스타벅스 50% 할인
712,신한카드 국민행복,생활서비스,병원/약국/산후조리원 5% 결제일 할인
717,그랑블루 1st,생활서비스,SK 주유 및 충전 시 리터(ℓ)당 60원 청구 할인
718,국민행복 삼성카드 V2,소매,백화점·프리미엄 아울렛·할인점·온라인쇼핑몰·생활잡화·신선식품 배송 7% 결제일할인
718,국민행복 삼성카드 V2,생활서비스,아파트 관리비·도시가스요금·전기요금·4대 사회보험·보험·통신·렌탈 자동납부 연결 시 7% 결제일할인
719,WON DISCOUNT(원 디스카운트) AIR,음식,스타벅스 사이렌오더 10% 할인
719,WON DISCOUNT(원 디스카운트) AIR,생활서비스,"일상 생활(대중교통, 휴대전화, 해외) 할인 5%"
720,WON POINT(원 포인트) AIR,음식,스타벅스 사이렌오더 5% 적립
720,WON POINT(원 포인트) AIR,생활서비스,"일상 생활(대형마트, 슈퍼마켓, 영화, 커피, 대중교통, 휴대전화, 해외) 적립 1%"
723,IBK무민카드(신용),음식,주요 커피전문점 20% 할인
723,IBK무민카드(신용),소매,"GS25, CU, 세븐일레븐, 올리브영 10% 할인,
이마트, 홈플러스, 롯데마트 5% 할인"
723,IBK무민카드(신용),생활서비스,전 주유소 리터당 60원 할인(LPG포함)
726,알뜰폰 Hub 카드,생활서비스,알뜰폰 통신료 자동이체 최대 1만 5천원 할인 서비스
727,알뜰폰 Hub Ⅱ 카드,생활서비스,알뜰폰 통신료 자동이체 할인 서비스
729,삼성스토어 BENEFIT 삼성카드,생활서비스,생활요금 자동납부 5%·10% 결제일할인
729,삼성스토어 BENEFIT 삼성카드,생활서비스,주유·온라인쇼핑몰 3%·6% 결제일할인
735,커피빈 신용카드,음식,"커피빈 이용 시 청구 할인(최대 1만 8천원),
커피빈 모바일 쿠폰 제공(1만원권)"
735,커피빈 신용카드,생활서비스,주요 생활 영역 5% 청구 할인
742,알뜰교통카드,소매,"3대 마트(이마트, 롯데마트, 홈플러스) 주말 10% 결제일 할인
편의점, 병원/약국 10% 결제일 할인(동물병원 제외)"
742,알뜰교통카드,음식,커피전문점 이용 시 10% 결제일 할인
744,IKEA(이케아) Family with 신한카드,소매,"IKEA 매장(푸드 제외) 이용 시 이용금액의 10% 결제일 할인
IKEA 푸드 이용 시 이용금액의 15% 결제일 할인"
744,IKEA(이케아) Family with 신한카드,소매,백화점/프리미엄 아울렛 및 대형 할인점 5% 결제일 할인
744,IKEA(이케아) Family with 신한카드,소매,편의점 5% 결제일 할인
744,IKEA(이케아) Family with 신한카드,음식,커피 5% 결제일 할인
744,IKEA(이케아) Family with 신한카드,생활서비스,이동통신요금 자동이체 5% 결제일 할인
745,알뜰교통 my pass 마패 신용카드(Hana-BC),소매,편의점 10% 청구할인
745,알뜰교통 my pass 마패 신용카드(Hana-BC),음식,커피 10% 청구할인
747,Liiv M Ⅱ 카드,생활서비스,Liiv M 통신료 자동이체 최대 1만 7천원 할인
751,KB국민 국민행복카드,소매,대형마트/온라인쇼핑몰/홈쇼핑 5% 할인
751,KB국민 국민행복카드,생활서비스,통신료/아파트관리비 5% 할인
758,다이소 신한카드,생활서비스,다이소 30% 할인
758,다이소 신한카드,소매,"GS25, CU 10% 할인"
758,다이소 신한카드,음식,"스타벅스, 커피빈 10% 할인"
758,다이소 신한카드,음식,"파리바게뜨, 뚜레쥬르 10% 할인"
761,Hole In:WON(홀인원) 카드,생활서비스,"주유, 전기차, 커피전문점 할인 서비스"
768,Green Wave 1.5℃카드,소매,"친환경 마켓 20% 포인트리 적립
업사이클링 제품, 반려식물 10% 포인트리 적립"
769,가온올림카드(실속형),음식,"[추가 적립] 음식점, 커피 전문점 업종 0.5% 추가적립"
769,가온올림카드(실속형),생활서비스,[추가 적립] 이동통신요금 0.5% 추가적립
772,BLISS.5 카드(마일리지),음식,카페아티제 본인 음료 구매 시 동반자 1인에게 무료 음료 제공
773,BLISS.5 카드(포인트),음식,카페아티제 본인 음료 구매 시 동반자 1인에게 무료 음료 제공
774,쿠팡 롯데카드,음식,"롯데리아, 엔제리너스, 나뚜루, TGIF, 보네스뻬, 크리스피크림도넛 10% 할인 (1만원 이상 결제 시 할인)"
774,쿠팡 롯데카드,소매,"롯데백화점, 면세점, 롯데ON, 롯데마트 할인"
774,쿠팡 롯데카드,음식,미스터피자 15% 현장 할인
776,홈플러스 삼성카드,소매,홈플러스에서 결제 시 1%·5% 결제일할인(청구할인)
776,홈플러스 삼성카드,생활서비스,의료비 5% 결제일할인(청구할인)
776,홈플러스 삼성카드,생활서비스,GS칼텍스에서 주유 시 리터당 80원 결제일할인(청구할인)
778,GS SHOP KB국민카드,소매,대형마트 5% 청구 할인
778,GS SHOP KB국민카드,생활서비스,이동통신 5% 청구 할인
778,GS SHOP KB국민카드,음식,커피 10% 청구 할인
778,GS SHOP KB국민카드,소매,편의점 10% 청구 할인
779,위메프페이 신용카드,생활서비스,생활영역/구독서비스 적립 5%
781,IBK hi 카드,생활서비스,휴대폰 이용대금의 3% 할인
781,IBK hi 카드,생활서비스,GS 주유소 리터당 40원 할인(LPG 포함)
781,IBK hi 카드,음식,"아웃백, 빕스 10% 할인"
783,SSG.COM카드,생활서비스,생활편의영역에서 결제 시 3~5% 신세계포인트 적립
784,LG U+ 삼성카드,생활서비스,LG U+ 24개월 라이트할부
784,LG U+ 삼성카드,생활서비스,LG U+ 월 통신요금 할인
785,KT 삼성카드,생활서비스,KT 24개월 라이트할부
785,KT 삼성카드,생활서비스,KT 월 통신요금 할인
789,이마트 e카드 Edition2,소매,이마트 7대 가맹점에서 결제 시 최대 5% 신세계포인트 적립
789,이마트 e카드 Edition2,생활서비스,생활편의영역에서 결제 시 최대 5% 신세계포인트 적립
838,올레 Super DC 대구은행카드,생활서비스,KT통신료 월 7천원 ~ 1만5천원 청구할인
838,올레 Super DC 대구은행카드,음식,슬립리스인시애틀 10% 청구할인
839,부자되세요 홈쇼핑카드,생활서비스,"[생활할인] 커피, 베이커리, 영화, 패밀리레스토랑 할인"
854,Kia Members 경차전용카드,생활서비스,"현대오일뱅크/SK에너지에서 주유 시 리터당 200원·400원 청구 할인
모든 충전소(LPG) 이용 시 리터당 100원·200원 청구 할인"
854,Kia Members 경차전용카드,생활서비스,현금카드 기능 (KEB하나은행)
859,Kia Members 경차전용카드(유류세 환급),생활서비스,경차 유류세 환급 대상자 주유 및 충전(LPG) 시 유류세 환급
859,Kia Members 경차전용카드(유류세 환급),생활서비스,"현대오일뱅크/SK에너지에서 주유 시 리터당 200원·400원 청구 할인
모든 충전소(LPG) 이용 시 리터당 100원·200원 청구 할인"
865,홈플러스 스페셜 신한카드,소매,"홈플러스 매장, 온라인몰 결제 시 마이홈플러스 포인트 7% 적립"
879,자연드림 IBK카드,생활서비스,전 주유소 리터당 60원 할인 (LPG포함)
879,자연드림 IBK카드,음식,패밀리레스토랑 20% 청구할인
879,자연드림 IBK카드,음식,주요 커피전문점 20% 할인
889,신한카드 집,생활서비스,(주택임대료형) 주택임대료 자동이체 신청 시 최대 1만 5천원 할인
889,신한카드 집,생활서비스,"(생활형) 통신, 인터넷, 보안업체 자동이체 시 결제일 할인서비스 제공"
889,신한카드 집,생활서비스,(공통서비스) 아파트 관리비 3천원 할인
889,신한카드 집,생활서비스,병원·약국 1% 할인
889,신한카드 집,소매,(공통서비스) 3대 마트 1% 할인
890,e플래티넘 롯데카드,생활서비스,영라이프할인 - 라이프 가맹점 10~12% 결제일 할인
895,신한카드 주거래 신용,소매,"신한은행 결제계좌 연결 시, 쇼핑 1.3% 추가적립"
895,신한카드 주거래 신용,생활서비스,"신한은행 결제계좌 연결 시, 통신/대중교통/도시가스 3.3% 추가적립"
905,메가쇼핑 신한카드,소매,"메가마트 매장 결제 시 메가포인트 1.0% 적립
메가마트 자체 추가적립 0.5%, 총 1.5% 적립"
905,메가쇼핑 신한카드,생활서비스,GS칼텍스 60원/L 할인
912,Easy shopping 티타늄카드,소매,"온라인쇼핑몰, 대형마트, 소셜커머스, 백화점 10% 포인트리 적립"
916,위비 알뜰주유소 할인카드,생활서비스,알뜰주유소 리터당 80원~100원 청구할인
916,위비 알뜰주유소 할인카드,음식,치킨·피자 10% 청구할인
916,위비 알뜰주유소 할인카드,음식,커피전문점 10% 청구할인
920,skylife Ultra IBK카드,생활서비스,[skylife 서비스] skylife서비스 자동이체시 청구할인
920,skylife Ultra IBK카드,소매,"[쇼핑서비스] 마트, 대형 할인점 5% 할인(이마트, 홈플러스, 롯데마트, 농협하나로클럽)"
931,용인시민카드(신용),생활서비스,[부가서비스] 전 주유소 리터당 60원 할인
931,용인시민카드(신용),소매,"[부가서비스] 이마트, 홈플러스, 롯데마트, 농협하나로클럽 5% 할인
[Life in Yong-In] 쿠팡, 티몬, 위메프 20% 할인"
931,용인시민카드(신용),음식,"[Life in Yong-In] 아웃백, 빕스, 블랙스미스, 토다이, TGIF, 애슐리 20% 할인
[Life in Yong-In] 불고기브라더스 20% 현장할인"
931,용인시민카드(신용),음식,[Life in Yong-In] 주요 커피전문점 20% 할인
942,AK KB국민카드,소매,"AK PLAZA 청구할인 최대 10%
AK 멤버스 서비스"
942,AK KB국민카드,생활서비스,"[생활영역 청구 할인] 학원, 패밀리레스토랑,커피,미용실 5% 할인"
943,신한카드 The LADY CLASSIC,음식,브런치 할인 서비스 (오전 11시~오후 2시)
943,신한카드 The LADY CLASSIC,음식,"던킨도너츠 할인 서비스
롯데시네마 스위트 콤보 제공 서비스"
943,신한카드 The LADY CLASSIC,생활서비스,GS칼텍스 40원/L 결제일 할인
943,신한카드 The LADY CLASSIC,소매,제주 JDC 면세점 8% 결제일 할인
951,넥센타이어 우리카드,생활서비스,"렌탈요금 월 최대 20,000원 할인"
951,넥센타이어 우리카드,음식,"아웃백, TGIF 10% 청구할인"
951,넥센타이어 우리카드,음식,"스타벅스, 투썸플레이스 20% 청구할인"
952,SK Oil 400 우리카드,생활서비스,SK주유소 월 최대 5만원 할인
952,SK Oil 400 우리카드,음식,"아웃백, TGIF 10% 청구할인"
952,SK Oil 400 우리카드,음식,"스타벅스, 투썸플레이스 20% 청구할인"
953,마이카 우리카드,생활서비스,주유소/충전소 리터당 70원 할인
953,마이카 우리카드,생활서비스,자동차 보험 최대 2만원 청구할인
953,마이카 우리카드,생활서비스,SK렌터카 최대 70% 현장할인
953,마이카 우리카드,생활서비스,"영화관, 패밀리레스토랑, 커피 할인"
984,부자되세요 The Oil카드,생활서비스,GS 칼텍스 리터당 최대 150원 할인
984,부자되세요 The Oil카드,소매,백화점 5% 포인트적립
984,부자되세요 The Oil카드,소매,대형마트 5% 포인트적립
984,부자되세요 The Oil카드,음식,패밀리레스토랑 10% 포인트적립
984,부자되세요 The Oil카드,음식,커피전문점 10% 포인트적립
984,부자되세요 The Oil카드,생활서비스,삼성화재 Travel Master 보험 서비스 제공
1002,Mobile x LOCA 롯데카드,생활서비스,통신요금 최대 2만원 할인
1003,신한카드 Love Platinum#,소매,"전국 유명 백화점, 할인점, 온라인 쇼핑몰 5% 할인
전국 유명 백화점 및 할인점 상시 2~3개월 무이자 할부"
1003,신한카드 Love Platinum#,생활서비스,GS칼텍스 60원/L 할인
1003,신한카드 Love Platinum#,음식,"불고기브라더스, 제일제면소 30% 할인
아웃백, 카페마마스, 스타벅스 20% 할인"
1003,신한카드 Love Platinum#,생활서비스,LG계열 제휴사 최대 5~10% 할인 및 포인트 적립
1007,Clip카드,생활서비스,"KT 통신요금 청구할인 최대 17,000원"
1018,리디 신한카드,소매,SPA 브랜드 10% 결제일 할인
1018,리디 신한카드,소매,H&B Store 10% 결제일 할인
1018,리디 신한카드,음식,커피 업종 이용시 20% 결제일 할인
1019,더본 신한카드,음식,빽다방 30% 결제일 할인
1019,더본 신한카드,음식,더본(theborn) 모든 매장 10% 결제일 할인
1019,더본 신한카드,소매,편의점 5% 결제일 할인
1035,한화손해보험 카드,생활서비스,"한화손해보험 자동차 보험료 최대 3만원 할인
한화손해보험 결제 시 최대 3개월 무이자/ 한화호텔&리조트 20% 할인"
1035,한화손해보험 카드,생활서비스,"SK주유소 50원/ℓ 할인
엔진오일 교환 시 최대 1만 5천원 현장할인"
1061,Real? Real! 2 카드,생활서비스,금융우대서비스
1073,KT 카드의정석 SUPER DC Ⅱ,생활서비스,"KT통신비 최대 13,000원 할인
단말기 장기할부 서비스"
1155,Easy shopping 카드,소매,"온라인쇼핑몰, 대형마트, 소셜커머스, 백화점 10% 포인트리 적립"
1165,골프존 롯데카드,생활서비스,미용실 최대 20% 현장할인
1165,골프존 롯데카드,소매,"롯데백화점, 롯데면세점, 롯데ON 현장할인"
1165,골프존 롯데카드,음식,T.G.I.FRiDAY'S 10% 현장할인(주류 제외)
1171,H.Point KB국민카드,소매,현대백화점그룹내 1%추가적립
1171,H.Point KB국민카드,생활서비스,"커피, 편의점, 약국 업종 5%청구할인"
1172,하나로마트 하나카드,소매,하나로마트 대상점 이용 시 이용금액 10% 청구 할인
1172,하나로마트 하나카드,음식,베이커리 이용 시 이용금액 5% 청구 할인
1172,하나로마트 하나카드,음식,"KEB 하나은행 결제계좌 이용고객 월 1회 커피 청구 할인
스타벅스, 커피빈 4천원 이상 결제 시 4천원 청구할인"
1172,하나로마트 하나카드,생활서비스,"통신 자동이체 이용 시, 이용금액의 5% 청구 할인"
1180,풀무원 하나카드,음식,"풀무원샵, 풀무원녹즙, 풀무원 로하스, 올가, 베이비밀, 자담터, 아미오, 잇슬림 청구할인"
1184,Z:IN 인테리어 신한카드,생활서비스,Z:IN 가맹 대리점에서 할부 이용 시 할부 수수료 혜택
1213,펫(PET)카드,생활서비스,반려동물 특화 할인 서비스
1213,펫(PET)카드,소매,"대형마트 5% 청구할인
편의점 5% 청구할인"
1213,펫(PET)카드,생활서비스,전국 주유소 리터당 60원 할인
1215,아모레퍼시픽 카드,소매,아모레퍼시픽 가맹점 10% 적립
1229,kt M mobile카드,생활서비스,kt M mobile 통신료 청구할인
1233,LG전자 KB국민카드,생활서비스,렌탈요금 할인서비스 최대 1만 5천원
1243,U＋ 알뜰모바일카드,생활서비스,U+ 알뜰모바일 통신료 청구할인 최대 1만 7천원
1246,소노시즌 하나카드,생활서비스,"소노시즌 자동이체시 전월실적에 따라 청구할인
월 9천원~최대 2만원 할인"
1248,바디프랜드 하나카드,생활서비스,바디프랜드 렌탈요금 자동이체 시 월 1만3천원 청구할인
1248,바디프랜드 하나카드,소매,"이마트, 이마트 트레이더스, 홈플러스, 롯데마트 이용금액 3% 청구할인"
1248,바디프랜드 하나카드,음식,커피빈 이용금액 10% 청구할인
1253,랭킹닭컴 하나카드,음식,랭킹닭컴 이용 시 7% 청구할인
1253,랭킹닭컴 하나카드,음식,"지난달 이용실적 30만원 이상 시 청구할인 제공
스타벅스, 커피빈 4천원 할인 (월 4천원 한도, 월 1회)"
1253,랭킹닭컴 하나카드,생활서비스,"지난달 이용실적 70만원 이상 시 제공
통신, 대중교통, 온라인 7% 청구할인"
1278,국민행복카드,생활서비스,의료비 5% 할인
1278,국민행복카드,음식,패밀리레스토랑 10% 할인
1278,국민행복카드,음식,커피전문점 20% 할인
1278,국민행복카드,생활서비스,이동통신요금 1천원 할인
1286,The CJ KB국민카드,음식,CJ푸드빌 10~20% 현장할인
1286,The CJ KB국민카드,소매,CJ올리브영 10% 현장할인
1288,toss KB국민카드,음식,스타벅스 이용 시 추가 4.0% 토스포인트 추가적립
1309,가온글로벌카드,소매,쇼핑 특화 영역 포인트리 0.7% 추가 적립
1339,골프존 KB국민카드,생활서비스,전 주유소 리터당 60원 청구할인
1339,골프존 KB국민카드,음식,VIPS/아웃백/TGIF 20% 청구할인
1339,골프존 KB국민카드,생활서비스,SKT/KT/LGU+ 이동통신요금 자동이체 시 3천원 청구할인
1381,모두투어 투어마일리지 KB국민카드,음식,외식 10% 청구할인
1381,모두투어 투어마일리지 KB국민카드,음식,커피 10% 청구할인
1382,몰테일 KB국민카드,소매,몰테일 배송료 이용금액 2% 적립 및 수수료 할인
1383,반려愛카드(강아지),생활서비스,"반려동물 업종 10% 할인
반려동물 보호를 위한 공익기금 조성"
1383,반려愛카드(강아지),소매,이마트 · 롯데마트 · 홈플러스 5%청구할인
1390,LG U+ Bora 신한카드 Big Plus,생활서비스,LG U+ 요금 통합 최대 1만 5천원 결제일 할인
1390,LG U+ Bora 신한카드 Big Plus,생활서비스,LG U+ 스마트할부 서비스 제공
1390,LG U+ Bora 신한카드 Big Plus,생활서비스,현대오일뱅크 주유 시 40P/L 적립
1443,에버랜드 판다카드,음식,"VIPS, 아웃백, TGIF 20% 청구할인"
1519,LG전자 렌탈 플러스 하나카드,생활서비스,"LG전자 렌탈요금 자동이체 시 13,000원/23,000원 할인"
1529,KT Super DC,생활서비스,KT 통신요금 7천원/1만5천원 청구할인
1529,KT Super DC,음식,5대 커피업종 5% 청구할인
1532,LGU+ 카드의정석 Ⅱ,생활서비스,"LGU+ 통신서비스 요금 7천원/1만3천원 청구할인
LGU+ 단말기 장기할부 서비스"
1555,SKT 우리카드,생활서비스,T라이트할부 및 SKT 통신요금 월 1만원 ~ 2만원 청구할인
1555,SKT 우리카드,음식,"VIPS, TGIF 10% 청구할인"
1555,SKT 우리카드,음식,"할리스, 엔제리너스 20% 청구할인"
1558,탄탄대로 웰컴카드,소매,3대 대형마트 / 3대 백화점 10% 청구할인
1558,탄탄대로 웰컴카드,생활서비스,이동통신요금 5% 청구할인
1584,신협-신한카드 Hi-Point,소매,백화점/할인점/홈쇼핑·온라인몰 1.0~5.0% 적립
1584,신협-신한카드 Hi-Point,생활서비스,"S-OIL, 현대오일뱅크 주유 시 리터 당 60원 적립"
1584,신협-신한카드 Hi-Point,생활서비스,SK텔레콤/KT/LG U+ 이동통신요금 1.0~5.0% 적립
1586,신협-신한카드 Shopping,소매,오프라인 쇼핑 10% 할인
1586,신협-신한카드 Shopping,음식,"스타벅스, 커피빈, 카페베네,엔제리너스, 투썸플레이스 10% 할인"
1586,신협-신한카드 Shopping,생활서비스,"다이소, 올리브영, 온라인 서점 10% 할인"
1586,신협-신한카드 Shopping,생활서비스,주유소 리터당 60원 할인
1586,신협-신한카드 Shopping,음식,"마켓컬리, 하이프레시, 집반찬연구소 10% 할인서비스"
1592,신협-신한카드 B.Big(삑),소매,4대 백화점 5% 할인
1592,신협-신한카드 B.Big(삑),음식,커피전문점 10% 할인
1592,신협-신한카드 B.Big(삑),소매,편의점 5% 할인
1592,신협-신한카드 B.Big(삑),생활서비스,이동통신요금 5% 할인
1593,신협-신한카드 RPM+Platinum#,생활서비스,모든 주유소 리터당 40~150포인트/충전소 리터당 10~50포인트 적립
1593,신협-신한카드 RPM+Platinum#,소매,1~5% 특별적립
1593,신협-신한카드 RPM+Platinum#,소매,1~5% 특별적립
1595,신협-신한카드 Love Platinum#,소매,"전국 유명 백화점, 할인점, 온라인 쇼핑몰 5% 할인
전국 유명 백화점 및 할인점 상시 2~3개월 무이자 할부"
1595,신협-신한카드 Love Platinum#,생활서비스,GS칼텍스 60원/L 할인
1595,신협-신한카드 Love Platinum#,음식,"불고기브라더스, 제일제면소 30% 할인
아웃백, 카페마마스, 스타벅스 20% 할인"
1595,신협-신한카드 Love Platinum#,생활서비스,LG계열 제휴사 최대 5~10% 할인 및 포인트 적립
1597,신협-신한카드 Air One,소매,"신라면세점 더 심플(앱) 1,000원당 총 2마일 적립"
1599,신협-신한카드 The CLASSIC+,생활서비스,GS칼텍스 주유 시 리터당 40원 결제일 할인
1599,신협-신한카드 The CLASSIC+,소매,제주 JDC 면세점 8% 결제일 할인
1599,신협-신한카드 The CLASSIC+,음식,"스타벅스 3,000원 할인"
1608,SK 7mobile카드,생활서비스,SK 7mobile 통신료 청구할인
1630,한화생명 Family카드 (골프형),생활서비스,SK주유소(LPG포함) 주유 할인
1630,한화생명 Family카드 (골프형),생활서비스,"KT, SKT, LGU+ 매월 청구금액의 3% 청구할인"
1648,NH올원 Direct&DB손해보험카드,생활서비스,"Sk에너지, 농협주유소 5% 청구할인(충전소 제외)"
1648,NH올원 Direct&DB손해보험카드,음식,"국내음식점, 커피전문점, 제과점, 아이스크림점, 패밀리레스토랑 및 패스트푸드점 3% 청구할인"
1673,S-OIL 삼성카드 & POINT,생활서비스,S-OIL 주유소에소 주유 시 리터당 80 빅포인트 적립
1673,S-OIL 삼성카드 & POINT,음식,파리바게뜨·배스킨라빈스·던킨도너츠 10% 결제일할인(청구할인)
1695,한화생명 Family 카드 (문화형),생활서비스,SK주유소(LPG포함) 주유 할인
1695,한화생명 Family 카드 (문화형),생활서비스,"KT, SKT, LGU+ 매월 청구금액의 3% 청구할인"
1731,로얄블루1000카드 [SKYPASS],소매,Premium Service - Shopping
1731,로얄블루1000카드 [SKYPASS],생활서비스,Premium Service - Life style
1754,뉴GS칼텍스 롯데카드,생활서비스,GS칼텍스주유포인트 리터당 60점 적립
1754,뉴GS칼텍스 롯데카드,생활서비스,건강/미용
1754,뉴GS칼텍스 롯데카드,소매,쇼핑
1754,뉴GS칼텍스 롯데카드,음식,외식
1759,SC제일은행 아시아나 삼성지엔미카드,생활서비스,S-OIL 주유소에서 주유 시 리터당 40 보너스포인트 적립
1759,SC제일은행 아시아나 삼성지엔미카드,생활서비스,SC제일은행 제휴 프로모션
1816,카드의정석 시니어플러스,음식,커피전문점 10% 청구할인
1818,카드의정석 삼성화재 당신에게 좋은보험,음식,"스타벅스, 투썸플레이스 1,000원 청구할인"
1829,바디프랜드 카드,생활서비스,바드프랜드 렌탈요금 할인서비스
1829,바디프랜드 카드,음식,"스타벅스, 커피빈, 카페베네, 투썸플레이스에서 결제 시 5% 청구할인"
1846,부자되세요 홈쇼핑카드,음식,패밀리레스토랑 10% 청구할인
1846,부자되세요 홈쇼핑카드,음식,"스타벅스, 투썸플레이스 20% 청구할인"
1854,ALL 다모아카드,생활서비스,SK주유소 머핀포인트 적립 서비스
1854,ALL 다모아카드,생활서비스,"치킨/피자, 영화관, 커피, 놀이공원, 전기차 충전 할인"
1856,카드의정석 하이마트,소매,하이마트 슬림할부 및 청구할인
1856,카드의정석 하이마트,생활서비스,"영화관, 패밀리레스토랑, 커피전문점 할인"
1859,OK캐쉬백 위비할인카드,생활서비스,"각영역별 주요 9대 업종 7% 청구할인
자동이체시 매월 포인트 적립"
1859,OK캐쉬백 위비할인카드,생활서비스,"치킨/피자, 영화관, 커피, 놀이공원, 전기차충전 할인"
1861,롭스 롯데카드,소매,롭스매장 이용시 최대 15% + 커피/베이커리/대중교통 업종 최대 10% 청구할인
1861,롭스 롯데카드,생활서비스,미용실 최대 20% 할인
1861,롭스 롯데카드,소매,쇼핑
1861,롭스 롯데카드,음식,외식
1868,라이나생명 라서즐거운카드,생활서비스,보험료 매월 1 / 1.5 / 2 / 3만원 할인
1868,라이나생명 라서즐거운카드,음식,"아웃백, TGIF, 베니건스 10% 청구 할인"
1868,라이나생명 라서즐거운카드,음식,"스타벅스, 투썸플레이스 20% 청구할인"
1869,신세계 THE S VIP,소매,"전월 이용금액에 관계없이, 할인한도 없이 신세계백화점 1% 결제일할인(청구할인)"
1869,신세계 THE S VIP,음식,10대 커피전문점 20% 결제일할인(청구할인)
1869,신세계 THE S VIP,음식,"VIPS, 계절밥상에서 4만원 이상 결제 시 20,000원 결제일할인(청구할인)"
1882,삼성스토어 삼성카드,소매,삼성스토어에서 가전제품 구매 시 24·36개월 라이트할부 제공
1882,삼성스토어 삼성카드,소매,"삼성스토어 라이트할부 이용 시 11,000원·미이용 시 4,000원 결제대금 차감"
1882,삼성스토어 삼성카드,음식,10대 커피전문점 5% 결제일할인(청구할인)
1882,삼성스토어 삼성카드,소매,삼성닷컴 3% 결제일할인(청구할인)
1882,삼성스토어 삼성카드,소매,삼성전자 서비스센터 10% 결제일할인(청구할인)
1883,PAYCO taptap,음식,커피전문점·헬스&뷰티 5% PAYCO 포인트 적립
1883,PAYCO taptap,소매,편의점·배달앱 5% PAYCO 포인트 적립
1884,라이프파트너 삼성카드,생활서비스,"주유소에서 30,000원 이상 결제 시 3,000원 결제일할인(청구할인)"
1884,라이프파트너 삼성카드,소매,"할인점에서 30,000원 이상 결제 시 2,000원 결제일할인(청구할인)"
1884,라이프파트너 삼성카드,생활서비스,"의료비 3,000원 이상 결제 시 1,000원 결제일할인(청구할인)"
1887,넷마블 신한카드,소매,"GS25, CU 10% 할인"
1887,넷마블 신한카드,음식,"스타벅스, 커피빈 10% 할인"
1887,넷마블 신한카드,음식,"파리바게뜨, 뚜레쥬르 10% 할인"
1889,Toss taptap S,생활서비스,"모든 주유소·LPG 2,000원 결제일할인"
1899,New LG전자 베스트샵 PLUS 신한카드,소매,"LG전자 5~10% 청구할인
LG전자 베스트샵 멤버십 포인트 0.5% 적립"
1926,E1 LPG 롯데카드,생활서비스,E1충전소(리터당 87포인트) 외 5개 업종 이용 시 E1 오렌지포인트 적립
1926,E1 LPG 롯데카드,생활서비스,자동차보험료 청구할인
1926,E1 LPG 롯데카드,생활서비스,미용실 최대 20% 할인
1926,E1 LPG 롯데카드,소매,"롯데백화점, 롯데ON, 롯데면세점, 롯데마트, 롯데슈퍼, 토이저러스 혜택"
1926,E1 LPG 롯데카드,음식,"보네스뻬, 보네스뻬브레드, T.G.I.F, 미스터피자 할인"
1944,엘포인트카드(비씨),소매,농협하나로 클럽·마트 3% 청구할인
1961,S1카드,소매,"[선택] 전국 모든 마트, 슈퍼, 편의점 7% 청구할인"
1961,S1카드,음식,"[선택] 전국 모든 음식점, 제과점 7% 청구할인"
1961,S1카드,소매,"[선택] 전국 모든 백화점, 면세점, 홈쇼핑, 온라인쇼핑 7% 청구할인"
1961,S1카드,생활서비스,"[선택] 전국 모든 병원(동물병원 제외), 의원, 한의원, 약국, 산후조리원 7% 청구할인"
1961,S1카드,생활서비스,"[선택] 전국 모든 주유소, 가스충전소에서 카드 사용 시 리터당 60원 청구할인"
1980,LG전자 베스트렌탈 우리카드,생활서비스,LG전자 베스트렌탈 자동이체 청구할인 최대 2만원
1987,롯데마트 롯데카드,소매,"롯데마트 온/오프라인 매장에서 5만원 이상 결제시, 10%청구할인"
1987,롯데마트 롯데카드,생활서비스,미용실 최대 20% 할인
1987,롯데마트 롯데카드,소매,쇼핑
1987,롯데마트 롯데카드,음식,외식
1990,엉 카드,생활서비스,엉 서비스 - O2O 앱 이용 시 10% 청구할인
1990,엉 카드,소매,"GS 25, GS 수퍼 10% 청구할인
GS POP 서비스"
1990,엉 카드,음식,스타벅스 10% 청구할인
1996,NH올원 LG전자BEST카드,생활서비스,LG Best Shop 라이트할부 및 렌탈료 자동이체 할인서비스
2005,GS&POINT 롯데카드,소매,GS계열사 이용 시 결제일 청구 할인
2007,LG전자 라서즐거운 카드,생활서비스,LG전자 할인 서비스
2007,LG전자 라서즐거운 카드,음식,"아웃백, VIPS 10% 청구할인"
2007,LG전자 라서즐거운 카드,음식,"스타벅스, 커피빈 20% 청구할인"
2016,Jin Air - 롯데카드,음식,커피전문점 5% 청구할인
2016,Jin Air - 롯데카드,소매,"롯데백화점, 롯데ON, 롯데면세점, 신라아이파크면세점, 롯데마트, 롯데슈퍼, 토이저러스 혜택"
2016,Jin Air - 롯데카드,음식,"T.G.I.F, 롯데리아, 나뚜루, 엔제리너스 할인"
2019,NH올원 Rental&넥센타이어카드,생활서비스,매월 넥센타이어 렌탈료 1~3만원 청구할인
2021,NH올원 Rental&바디프랜드카드,생활서비스,매월 넥센타이어 렌탈료 1~3만원 청구할인
2023,NH올원 Rental&코웨이카드,생활서비스,매월 넥센타이어 렌탈료 1~3만원 청구할인
2036,NH올원 Shopping&AMOREPACIFIC카드,소매,아모레퍼시픽 가맹점 5~10% 청구할인
2036,NH올원 Shopping&AMOREPACIFIC카드,생활서비스,"커피, 베이커리, 아이스크림, 영화 할인"
2059,롯데아울렛 롯데카드,소매,롯데아울렛 롯데카드 청구 할인 서비스
2059,롯데아울렛 롯데카드,생활서비스,미용실 최대 20% 할인
2059,롯데아울렛 롯데카드,소매,쇼핑
2059,롯데아울렛 롯데카드,음식,외식
2070,뱅크샐러드 빨대카드,음식,"스타벅스, 투썸플레이스, 폴바셋 5천원 결제일 할인"
2070,뱅크샐러드 빨대카드,소매,"GS25, CU, 세븐일레븐 1천원 결제일 할인"
2071,삼성페이 롯데카드,음식,L.POINT 외식업종 제휴사 청구할인
2071,삼성페이 롯데카드,소매,쇼핑
2090,신한카드 The PREMIER GOLD EDITION (스카이패스),생활서비스,"글로벌 라이프 서비스 제공
공항 의전 서비스 (FAST TRACK) / 해외 의료 지원 서비스 제공"
2090,신한카드 The PREMIER GOLD EDITION (스카이패스),소매,국내 유명 면세점 10% 할인
2091,CLUB1카드 200,소매,HOTEL & Duty Free
2091,CLUB1카드 200,생활서비스,가족카드 서비스
2097,신한카드 The PREMIER GOLD EDITION (아시아나클럽),생활서비스,"글로벌 라이프 서비스 제공
공항 의전 서비스 (FAST TRACK) / 해외 의료 지원 서비스 제공"
2097,신한카드 The PREMIER GOLD EDITION (아시아나클럽),소매,국내 유명 면세점 10% 할인
2099,에코마일리지카드(비씨),생활서비스,생활에너지 10% 이상 절약시 5만점 에코머니 적립
2099,에코마일리지카드(비씨),생활서비스,"학원,병의원,대형할인점,백화점,농협판매장 5% 에코머니 적립"
2099,에코마일리지카드(비씨),음식,주요 패밀리레스토랑 이용시 10% 에코머니 적립
2099,에코마일리지카드(비씨),생활서비스,이동통신요금 3% 에코머니 적립
2118,아시아나 마일리지카드,생활서비스,SK주유소 및 LPG충전소 리터당 60원 청구 할인
2118,아시아나 마일리지카드,음식,"커피전문점 이용금액의 10% 청구할인
패밀리레스토랑 20% 청구 할인"
2132,제주 삼다수카드(신용),생활서비스,전국 모든 정유사 대상 리터당 100원 할인
2139,세븐일레븐 멤버쉽롯데카드,소매,세븐일레븐매장 10%할인
2139,세븐일레븐 멤버쉽롯데카드,생활서비스,미용실 최대 20% 할인
2139,세븐일레븐 멤버쉽롯데카드,소매,쇼핑
2139,세븐일레븐 멤버쉽롯데카드,음식,외식
2139,세븐일레븐 멤버쉽롯데카드,생활서비스,SK주유소 리터당 SK주유포인트 50원적립
2148,KCTV알뜰카드,음식,주요 커피 전문점 20% 청구할인
2149,이랜드리테일 롯데카드,소매,주요 마트 이용금액 5% 결제일 할인
2151,제주그린카드,음식,커피전문점 10% 청구할인
2175,SK OIL&LPG 카드,생활서비스,"SK주유소, 충전소 리터당 최대 120원 청구할인"
2175,SK OIL&LPG 카드,생활서비스,생활 할인 서비스 5~10% 청구할인
2185,NEW AUTO+,생활서비스,전국 모든 주유소·충전소에서 리터당 80원 ~ 100원 청구할인
2185,NEW AUTO+,생활서비스,손해보험업종 2% 청구할인
2185,NEW AUTO+,생활서비스,"생활4대영역(마트, 쇼핑, 외식, 카페) 최대 10% 청구할인"
2211,케이뱅크 SIMPLE 카드,소매,플러스 : 편의점 1.5% 청구 할인
2211,케이뱅크 SIMPLE 카드,음식,플러스 : 커피전문점 1.5% 청구 할인
2211,케이뱅크 SIMPLE 카드,생활서비스,플러스 : 이동통신요금 1.5% 청구 할인
2228,LOCA LIKIT - Manhattan Yellow,음식,"스타벅스 50% 결제일 할인
간편결제 시 스타벅스 60% 결제일 할인"
2228,LOCA LIKIT - Manhattan Yellow,생활서비스,"SKT, KT, LG U+ 10% 결제일 할인"
2229,LOCA LIKIT - New York Blue,음식,"스타벅스 50% 결제일 할인
간편결제 시 스타벅스 60% 결제일 할인"
2229,LOCA LIKIT - New York Blue,생활서비스,"SKT, KT, LG U+ 10% 결제일 할인"
2230,LOCA 100 Life,생활서비스,생활업종 5% 결제일 할인
2230,LOCA 100 Life,생활서비스,자동차보험료 3만원 결제일 할인
2232,1Q Daily+[40주년 에디션],생활서비스,SK주유소 월 최대 6천원 할인
2232,1Q Daily+[40주년 에디션],음식,스타벅스/커피빈 4천원 이상 결제시 4천원 청구할인
2232,1Q Daily+[40주년 에디션],생활서비스,"이번달 아파트관리비 / 4대보험 자동이체 금액
합산 10만원 이상일 때 5천 하나머니 적립"
2243,GS Prime 신한카드,소매,GS리테일 점내 이용 시 GS&POINT 2% 적립
2251,오케이몰 우리카드,소매,오케이몰 상품 구매 시 장기할부 제공
2251,오케이몰 우리카드,음식,"스타벅스, 투썸플레이스, 이디야, 폴바셋 이용금액 5% 할인"
2251,오케이몰 우리카드,소매,"GS25, CU, 세븐일레븐, 이마트24 이용금액 5% 할인"
2253,SOHO 다사로이카드,생활서비스,"4대사회보험, 전기요금 5% 특별할인"
2254,SOHO 다사로이+카드,생활서비스,"4대사회보험, 전기요금 5% 특별할인"
2254,SOHO 다사로이+카드,생활서비스,"스타벅스, 넷플릭스, 멜론 30% 특별할인"
2257,삼성 모바일플러스카드,생활서비스,이동통신요금 정기결제 시 10% 삼성전자 포인트 적립
2257,삼성 모바일플러스카드,생활서비스,배달앱·편의점·주유 5% 삼성전자 포인트 적립
2262,LOCA LIKIT Eat,음식,음식점 60% 결제일 할인
2262,LOCA LIKIT Eat,음식,"스타벅스, 투썸플레이스, 할리스커피, 폴바셋 60% 결제일 할인"
2263,LOCA LIKIT Play,생활서비스,"SK에너지, S-OIL, GS칼텍스, 현대오일뱅크 60% 결제일 할인"
2264,LOCA LIKIT Shop,생활서비스,미용실 60% 결제일 할인
2264,LOCA LIKIT Shop,소매,"GS25, CU, 세븐일레븐 60% 결제일 할인"
2270,하나은행 밀리언달러 카드,생활서비스,"국내에서는 원화로, 해외에서는 달러(USD)로!
하나의 카드에 원화·외화 결제계좌를 모두 연결"
2278,NS홈쇼핑 삼성카드,생활서비스,주유·커피전문점·제과점·편의점·생활잡화 5% 결제일할인
2278,NS홈쇼핑 삼성카드,생활서비스,"생활요금 정기결제 10,000원 이상 결제건별 1,000원 결제일할인"
2279,신세계 아울렛 BENEFIT 삼성카드,소매,신세계사이먼 프리미엄 아울렛 10% 결제일할인
2279,신세계 아울렛 BENEFIT 삼성카드,소매,할인점·슈퍼마켓·편의점 7% 결제일할인
2279,신세계 아울렛 BENEFIT 삼성카드,음식,커피전문점·제과점 10% 결제일할인
2283,롯데렌터카 신차장 EV+ 우리카드,생활서비스,롯데렌터카 장기렌터카 대여료 자동납부 청구할인 최대 2만5천원
2283,롯데렌터카 신차장 EV+ 우리카드,생활서비스,주유(LPG 충전)/전기차 충전 청구할인 최대 8천원
2284,EV카드,생활서비스,"전 주유소 주유금액의 0.5% 청구할인
전기차 충전 시 충전금액의 0.5% 청구할인"
2286,NU Uniq point,생활서비스,"[PLUS] S-OIL, 현대오일뱅크 주유 및 충전시 리터(ℓ)당 60점 적립"
2288,모두의 신세계 하나카드,소매,"신세계백화점, 신세계 아카데미, 시코르닷컴 5% 할인"
2288,모두의 신세계 하나카드,음식,커피/제과/택시 20% 할인(1만원 이상 결제 건)
2295,신한카드 Deep Dream(모베러웍스),생활서비스,더해드림 - 자주 가는 DREAM영역은 기본의 3배(총 2.1%) 포인트 적립
2295,신한카드 Deep Dream(모베러웍스),생활서비스,챙겨드림 - DREAM영역 중 가장 많이 이용한 영역 기본의 5배(총 3.5%) 포인트 자동적립
2295,신한카드 Deep Dream(모베러웍스),생활서비스,"주말(토, 일) 전 주유소 리터당 80원 적립"
2296,톡톡M 카드,소매,편의점 5% 청구할인
2297,톡톡F 카드,소매,"패션플랫폼(지그재그, 무신사, 브랜디, 에이블리) 50% 청구할인"
2297,톡톡F 카드,소매,편의점 5% 청구할인
2298,톡톡O 카드,소매,편의점 5% 청구할인
2299,톡톡D 카드,소매,편의점 5% 청구할인
2300,내맘대로 쁨 카드,소매,"백화점, 홈쇼핑, 마트 5% 하나머니 적립"
2300,내맘대로 쁨 카드,소매,"패션, 명품 5% 하나머니 적립"
2300,내맘대로 쁨 카드,생활서비스,"주유 5% 하나머니 적립
EV충전 20% 하나머니 적립"
2300,내맘대로 쁨 카드,생활서비스,"병원, 동물병원 10% 하나머니 적립"
2302,T우주 신한카드,생활서비스,"할인점, 온라인쇼핑 이용 시 5% 적립
생활친화업종 이용 시 10% 적립"
2325,프레딧 하나카드,음식,"스타벅스, 파리바게뜨, 뚜레쥬르 10% 청구 할인"
2325,프레딧 하나카드,생활서비스,"SKT, KT, LG U+ 통신요금 자동이체 5% 청구 할인"
2327,스카이패스 티타늄 카드,소매,[대한항공 마일리지]면세점 업종 1마일 대한항공 추가 적립
2330,LOCA 365 카드,생활서비스,[생활업종]아파트관리비 10% 할인
2330,LOCA 365 카드,생활서비스,"[생활업종]공과금(도시가스비, 전기료) 10% 할인"
2330,LOCA 365 카드,생활서비스,"[생활업종]SKT, KT, LG U+ 10% 할인"
2331,땡겨요 신한카드,소매,편의점 이용금액 마이신한포인트 5% 적립
2336,올바른지구 카드,생활서비스,[교통 서비스] 전기차 충전 7% 청구할인
2336,올바른지구 카드,생활서비스,[생활 서비스] 이동통신요금 5% 청구할인
2336,올바른지구 카드,생활서비스,[생활 서비스] 스포츠/H&B매장 5% 청구할인
2339,CEO카드,음식,[특별할인 Service] 커피점 10% 할인
2339,CEO카드,소매,[특별할인 Service] 대형마트 5% 할인
2339,CEO카드,소매,[특별할인 Service] 백화점 5% 할인
2340,쇼핑& 카드,소매,[라이프] H&B 스토어 7% 청구할인
2340,쇼핑& 카드,소매,[라이프] 편의점 7% 청구할인
2344,현대백화점카드,소매,현대백화점/아울렛 5% 할인
2344,현대백화점카드,소매,현대백화점 2시간 무료주차
2345,현대백화점 Fit카드,소매,"현대백화점, 현대아울렛 5% 할인"
2345,현대백화점 Fit카드,소매,현대백화점 2시간 무료주차
2346,BC 바로 클리어 플러스,음식,점심식사 7% 할인
2346,BC 바로 클리어 플러스,소매,편의점 10% 할인
2346,BC 바로 클리어 플러스,소매,뷰티 10% 할인
2346,BC 바로 클리어 플러스,생활서비스,통신 10% 할인
2347,BC 바로 리워드 플러스,소매,쇼핑 5% 적립
2347,BC 바로 리워드 플러스,생활서비스,생활 5% 적립
2348,BC 바로 페이백 플러스,소매,[특별 할인] 온라인쇼핑/간편결제 6.3% 추가 할인
2348,BC 바로 페이백 플러스,음식,[특별 할인] 음식점 6.3% 추가 할인
2350,부자되세요 덤카드,생활서비스,[덤2] 생활 편의 업종 이용 시 0.5% 추가 청구할인
2351,부자되세요 홈쇼핑카드,음식,[생활할인 서비스] 패밀리레스토랑 10% 청구할인
2351,부자되세요 홈쇼핑카드,음식,[생활할인 서비스] 베이커리 20% 청구할인
2351,부자되세요 홈쇼핑카드,음식,[생활할인 서비스] 커피 20% 청구할인
2352,&POP 카드,소매,GS가맹점 최대 3% GS&POINT 적립
2354,NU Uniq,소매,"[LIVING] 이마트, 롯데마트, 홈플러스 1.5% 할인"
2354,NU Uniq,음식,"[ENJOY] 스타벅스, 투썸플레이스, 폴바셋, 이디야, 커피빈, 탐앤탐스, 카페베네, 할리스, 엔제리너스 5% 할인"
2355,레고랜드카드,음식,[배달간식] 배달앱/커피/제과/패스트푸드 10% 청구할인
2357,레고랜드매니아카드,소매,백화점/대형마트 10% 청구할인
2360,LOCA in MEGACITY,소매,[지역 특화 서비스] 오프라인 쇼핑 5% 할인
2363,wavve카드,음식,식음료 10% 청구할인
2363,wavve카드,생활서비스,자기관리(미용/스포츠) 5% 청구할인
2365,닥터구디 T&R(티앤알) 카드,생활서비스,"[자동이체 청구할인] 통신요금 자동이체 최대 15,000원 청구할인"
2365,닥터구디 T&R(티앤알) 카드,생활서비스,"[자동이체 청구할인] 렌탈요금 자동이체 최대 15,000원 청구할인"
2366,SOHO 다사로이OIL카드,생활서비스,"전 주유소 및 LPG·수소차 충전소 5% 청구할인, 전기차 충전소 5% 청구할인"
2367,현대백화점 해피포인트카드,소매,현대백화점/아울렛 5% 할인
2367,현대백화점 해피포인트카드,소매,현대백화점 2시간 무료주차
2368,현대백화점 현대오일뱅크카드,소매,현대백화점/아울렛 5% 할인
2368,현대백화점 현대오일뱅크카드,생활서비스,현대오일뱅크 주유시 X2배 포인트 적립
2368,현대백화점 현대오일뱅크카드,소매,현대백화점 2시간 무료주차
2380,신세계 BC 바로 콰트로 플러스,소매,[쇼핑] 신세계백화점·이마트 등 5% 할인
2380,신세계 BC 바로 콰트로 플러스,생활서비스,[생활] 병원·약국·통신3사휴대폰요금 5% 할인
2380,신세계 BC 바로 콰트로 플러스,음식,[커피/외식] 스타벅스·이디야·아웃백 등 10% 할인
2383,신세계 BC 바로 SEVEN FLEX,소매,[FLEX] 신세계백화점·W concept 등 7% 할인
2383,신세계 BC 바로 SEVEN FLEX,생활서비스,[HEALTH&BEAUTY] 운동·골프·병원·약국·이/미용원 7% 할인
2383,신세계 BC 바로 SEVEN FLEX,음식,[YUMMY] 카페·편의점·제과점 7% 할인
2384,신세계 BC 바로 클리어 플러스,소매,[라이프스타일 할인] 신세계·온라인쇼핑·뷰티·통신 등 7% 할인
2385,Flex카드 몽블랑 에디션,생활서비스,스트리밍·커피 결제일 할인
2385,Flex카드 몽블랑 에디션,소매,롯데면세점 5~15% 현장할인
2392,CJ 삼성 iD 카드,소매,올리브영 10% 결제일할인
2392,CJ 삼성 iD 카드,음식,뚜레쥬르 10% 결제일할인
2392,CJ 삼성 iD 카드,음식,VIPS 20% 결제일할인
2392,CJ 삼성 iD 카드,소매,편의점 5% 결제일할인
2392,CJ 삼성 iD 카드,생활서비스,이동통신요금 5% 결제일할인
2401,NU Nature,생활서비스,[친환경 생활] 전기차 충전 60% 적립
2401,NU Nature,음식,[디지털 생활] 커피 10% 적립
2407,삼성 iD PET 카드,생활서비스,동물병원/반려동물쇼핑몰 30% 할인
2407,삼성 iD PET 카드,음식,"커피전문점/편의점 1,000원 할인"
2408,올바른HOMETOWN카드,소매,하나로마트/하나로클럽 5% 청구할인
2408,올바른HOMETOWN카드,생활서비스,병의원/약국 5% 청구할인
2409,#MY WAY 카드,음식,커피 건당 300원 할인
2409,#MY WAY 카드,소매,편의점 건당 300원 할인
2409,#MY WAY 카드,생활서비스,"주유/충전 건당 3,000원 할인"
2409,#MY WAY 카드,소매,"쇼핑 건당 3,000원 할인"
2409,#MY WAY 카드,생활서비스,"생활요금 건당 3,000원 할인"
2416,이마트II KB국민카드(옐로우),소매,이마트/트레이더스 최대 30% 청구할인
2416,이마트II KB국민카드(옐로우),음식,스타벅스 최대 10% 청구할인
2416,이마트II KB국민카드(옐로우),생활서비스,생활업종 최대 10% 청구할인
2424,LOCA X 구독,생활서비스,"렌탈료 결제일 최대 25,000원 할인"
2445,원더카드 DAILY,소매,편의점 10% 할인
2445,원더카드 DAILY,음식,원큐페이 맛집 10% 할인
2446,원더카드 FREE,생활서비스,"쿠팡/마트/베이커리 2% 할인
대중교통 3% 할인"
2447,원더카드 LIVING,생활서비스,생활요금 10% 할인
2447,원더카드 LIVING,생활서비스,병원/약국 10% 할인
2447,원더카드 LIVING,생활서비스,주유/LPG충전 10% 할인
2447,원더카드 LIVING,음식,커피 10% 할인
2447,원더카드 LIVING,생활서비스,세탁 10% 할인
2448,원더카드 HAPPY,소매,마트 5% 할인
2448,원더카드 HAPPY,생활서비스,주유/LPG충전 5% 할인
2448,원더카드 HAPPY,음식,커피 5% 할인
2449,원더카드 T,생활서비스,SKT통신요금 20% 할인
2449,원더카드 T,생활서비스,SK주유&쇼핑 10% 할인
2449,원더카드 T,소매,마트 10% 할인
2453,신한카드 구독 좋아요,생활서비스,서비스 대상 배달앱/생활편의 가맹점 이용 시 결제일 할인
2459,삼성 iD NOMAD 카드,음식,쉐이크쉑/써브웨이 30% 할인
2460,THE iD. PLATINUM(포인트),음식,"[DAILY LIFESTYLE] 스타벅스 3,000원 할인"
2461,THE iD. TITANIUM(포인트),생활서비스,"[PREMIUM LIFESTYLE] 라이프스타일 50,000원 할인"
2463,LOCA Mobility 반띵 카드,음식,커피 50% 할인
2463,LOCA Mobility 반띵 카드,생활서비스,미용실 50% 할인
2465,신세계 the Mile 하나카드,소매,신세계백화점 제휴 서비스
2465,신세계 the Mile 하나카드,소매,신세계면세점 멤버십 우대 서비스
2467,신한카드 알뜰More(알뜰모아),생활서비스,알뜰폰 통신요금 월최대 1만 5천원 할인
2468,KMVNO 알뜰폰 카드,생활서비스,"KMVNO 알뜰폰
통신요금 자동이체 할인 서비스"
2472,SKT-현대카드M Edition3(라이트할부형2.0),생활서비스,SKT 라이트할부 이용 시 최대 2만 5천원 할인 혜택
2473,MY RENTAL+ 롯데카드,생활서비스,"롯데렌탈 월 대여료 5,000~30,000원 결제일 할인"
2473,MY RENTAL+ 롯데카드,생활서비스,모든 주유소(LPG 포함) 5% 및 전기차 충전 50% 결제일 할인
2474,T-economy KB국민카드,생활서비스,SKT 통신요금 자동이체 시 전월 실적에 따라 청구 할인
2476,NU AUTO 우리카드,생활서비스,주유(LPG 충전)/전기차 충전 청구할인
2477,T나는혜택 삼성카드,생활서비스,SKT 대상 단말기 구매 시 24개월 라이트할부 제공
2477,T나는혜택 삼성카드,생활서비스,"통신요금 월 7,000원~16,000원 결제일할인"
2479,제주신화월드 신한카드,소매,쇼핑 10% 할인
2479,제주신화월드 신한카드,생활서비스,생활 10% 할인
2480,수소차 충전할인 신한카드,생활서비스,수소차 충전요금 10% 결제일 할인
2480,수소차 충전할인 신한카드,소매,"주요 할인점 5% 결제일 할인
주요 편의점 5% 결제일 할인"
2481,신한 햇살론카드,소매,생활쇼핑 가맹점 7% 결제일 할인
2481,신한 햇살론카드,음식,커피전문점/제과점 10% 결제일 할인
2481,신한 햇살론카드,소매,"주말 복합쇼핑몰 10% 결제일 할인
주말 3대 할인점 10% 결제일 할인"
2482,I-ALL,생활서비스,"LIVING - 1%~1.5% 할인
온라인쇼핑, 홈쇼핑, 배달앱, 대형마트, 커피, 편의점, 교통, 주유/충전, 통신, 반려동물"
2483,IBK DC히어로즈 카드(신용),생활서비스,"6대 생활영역 이용금액 1% 기본캐시백
음식점, 온라인쇼핑, 대형마트·편의점, 통신비, 병원비, 교통"
2484,kt SUPER+ 카드,생활서비스,"kt 통신요금 청구할인
전월실적 별 월 최대 25,000원 할인"
2484,kt SUPER+ 카드,생활서비스,SK 주유소 1% 청구할인
2485,kt SUPER 카드,생활서비스,"kt 통신요금 청구할인
전월실적 별 월 최대 18,000원 할인"
2485,kt SUPER 카드,생활서비스,SK 주유소 1% 청구할인
2488,베베쿡 신한카드,소매,"일상생활 쇼핑 할 때에도 5% 결제일 할인
할인점/백화점/창고형 할인매장/신선식품 배송"
2488,베베쿡 신한카드,소매,"주요 커피점, 잡화, 온라인서점 쇼핑할 때에도 5% 결제일 할인"
2489,K-FIRST (모바일전용),생활서비스,생활 편의 업종 0.5% 추가 할인
2489,K-FIRST (모바일전용),소매,페이북 쇼핑 5% 할인
2496,신세계사이먼 프리미엄 아울렛 신한카드,소매,신세계사이먼 프리미엄 아울렛 10% 할인
2496,신세계사이먼 프리미엄 아울렛 신한카드,소매,신세계 계열사 7% 할인
2496,신세계사이먼 프리미엄 아울렛 신한카드,생활서비스,"GS칼텍스, S-OIL 리터 당 40원 할인"
2500,BeV Ⅲ 카드,생활서비스,주유 할인 서비스
2501,부자되세요 The Oil 카드,생활서비스,[주유 할인 서비스] GS칼텍스 리터당 최대 150원 할인
2501,부자되세요 The Oil 카드,소매,[생활 할인 서비스] 백화점업종 5% 청구할인
2501,부자되세요 The Oil 카드,소매,[생활 할인 서비스] 대형마트 5% 청구할인
2501,부자되세요 The Oil 카드,음식,[생활 할인 서비스] 패밀리레스토랑 20% 청구할인
2501,부자되세요 The Oil 카드,음식,[생활 할인 서비스] 커피 전문점 10% 청구할인
2502,UPTURN카드,생활서비스,"KT이동통신요금 최대 월 14,000원 할인"
2502,UPTURN카드,생활서비스,GS칼텍스 리터당 60원 할인
2502,UPTURN카드,소매,전국 주요 편의점 10% 할인
2502,UPTURN카드,음식,전국 주요 외식업체 10% 할인
2502,UPTURN카드,생활서비스,롯데렌터카(구. 금호렌터카) 35% 할인
2503,키자니아 에듀카드,생활서비스,전국 모든 주유소 최대 60원 할인
2503,키자니아 에듀카드,음식,전국 주요 외식업체 10% 할인
2503,키자니아 에듀카드,음식,전국 주요 베이커리 10% 할인
2503,키자니아 에듀카드,생활서비스,이동통신요금 3% 할인
2504,팟(pod) 카드,소매,"GS25, CU, 세븐일레븐, 이마트24에서 10% 할인"
2504,팟(pod) 카드,음식,스타벅스(사이렌오더 포함) 10% 할인
2504,팟(pod) 카드,생활서비스,인생네컷 10% 할인
2504,팟(pod) 카드,생활서비스,"카카오웹툰, 카카오페이지, 네이버웹툰 10% 할인"
2505,오늘은e 신용카드,생활서비스,[생활 할인 서비스] 휴대폰 요금 5% 청구할인
2505,오늘은e 신용카드,음식,[생활 할인 서비스] 스타벅스 5% 청구할인
2522,KT NU우리카드,생활서비스,KT 통신서비스 요금 청구할인
2522,KT NU우리카드,생활서비스,KT 단말기 장기할부 서비스
2523,LG U+ 우리카드,생활서비스,LG U+ 유무선 통신요금 할인
2523,LG U+ 우리카드,음식,패밀리레스토랑 10% 청구할인
2523,LG U+ 우리카드,음식,커피 20% 청구할인
2525,만나 우리카드,생활서비스,[Daily 할인] 주유 리터당 60~100원 청구할인
2525,만나 우리카드,음식,[Daily 할인] 커피 10% 청구할인
2526,LG트윈스 신한카드,소매,LG트윈스 용품 구매 시 10% 현장 할인
2529,트래블로그 신용카드,소매,면세점 3% 하나머니 적립
2533,에너지 더블 카드,생활서비스,에너지 공과금 청구할인 서비스
2533,에너지 더블 카드,생활서비스,일상생활 청구할인 서비스
2537,LOCA for 롯데마트,소매,"롯데마트, MAXX 월 최대 30,000원 결제일 할인"
2539,MY S-OIL 삼성카드,생활서비스,S-OIL 주유 10% 결제일할인
2539,MY S-OIL 삼성카드,음식,스타벅스 드라이브스루 30% 결제일할인
2543,신세계 THE S VIP,소매,신세계백화점 1% 할인
2545,zgm.play++카드,음식,"스타벅스, 투썸플레이스, 커피빈 30% 청구할인"
2545,zgm.play++카드,음식,패스트푸드업종 20% 청구할인
2545,zgm.play++카드,생활서비스,미용실·올리브영·CU/GS25 5% 청구할인 (H&B 편의점 통합 일 1회)
2545,zgm.play++카드,생활서비스,쇼핑·서점 5% 청구할인 (통합 일 1회)
2555,알뜰교통플러스 카드,생활서비스,생활서비스 5% 할인
2557,알뜰교통플러스,생활서비스,이동통신요금 5% 결제일 할인
2557,알뜰교통플러스,소매,편의점 5% 결제일 할인
2557,알뜰교통플러스,음식,카페 5% 결제일 할인
2558,알뜰교통플러스 삼성카드,생활서비스,이동통신/디지털콘텐츠 5% 결제일 할인
2558,알뜰교통플러스 삼성카드,음식,커피전문점 15% 결제일 할인
2559,I-알뜰교통플러스 카드(신용),생활서비스,"[생활 서비스] 주유(GS칼텍스, LPG포함) 리터당 40원 할인"
2559,I-알뜰교통플러스 카드(신용),생활서비스,"[생활 서비스] 통신(SKT, KT, LG U+ 휴대폰요금 자동이체) 3% 할인"
2559,I-알뜰교통플러스 카드(신용),음식,"[생활 서비스] 외식(아웃백, 빕스) 10% 할인"
2560,알뜰교통카드(신용),생활서비스,[라이프 서비스①] 이동통신요금/오픈마켓/배달앱/스포츠/H&B 5% 청구할인
2560,알뜰교통카드(신용),음식,[라이프 서비스②]커피전문점/편의점 10% 청구할인
2564,[광주] K-그린카드v2,생활서비스,"통신요금(SKT, KT, LG U+) 자동이체시 5% 에코머니 포인트 적립"
2564,[광주] K-그린카드v2,음식,"스타벅스, 엔젤리너스, 이디야, 투썸플레이스, 메가커피, 5% 에코머니 포인트 적립"
2565,I-PET,생활서비스,동물병원/반려동물업종 30% 할인
2565,I-PET,생활서비스,반려동물사진관 30% 할인
2565,I-PET,음식,커피 10% 할인
2565,I-PET,소매,대형마트 5% 할인
2565,I-PET,소매,편의점 5% 할인
2567,우리동네GS 삼성카드,소매,GS25 1%/5%/10% 결제일 할인
2567,우리동네GS 삼성카드,음식,커피전문점/배달앱 10% 결제일할인
